0,1,2,3,4,5,6,7,8,9,10,11,12,13,14,15,16,17,18,19,20,21,22,23,24,25,26,27,28,29,30,31,32,33,34,35,36,37,38,39,40,41,42,43,44,45,46,47,48,49,50,51,52,53,54,55,56,57,58,59,60,61,62,63,64,65,66,67,68,69,70,71,72,73,74,75,76,77,78,79,80,81,82,83,84,85,86,87,88,89,90,91,92,93,94,95,96,97,98,99,100,101,102,103,104,105,106,107,108,109,110,111,112,113,114,115,116,117,118,119,120,121,122,123,124,125,126,127
11.800934,14.393468,17.541214,8.864696,5.917573,7.0886464,11.0451,8.335927,15.183512,31.267494,63.272167,15.536549,7.69829,10.869364,16.804047,12.830481,18.833588,26.74339,68.58009,22.40591,7.356145,9.46656,15.353033,14.951788,11.530327,10.6765175,21.068432,20.864697,12.465007,7.5256615,8.054432,8.122862,76.59099,63.49922,28.699848,7.937793,4.276825,4.8040447,7.5567646,19.810266,64.180405,111.446335,124.58943,22.712288,2.3763638,2.1088524,2.671852,9.055983,8.1073265,42.479004,125.75579,94.8367,27.832039,3.6547413,2.4261208,2.8351479,8.985992,10.891136,42.906685,87.60187,57.748055,10.110417,5.37014,5.752722,116.1633,26.071539,6.1150856,5.465006,4.860031,3.2208376,4.441681,40.63453,122.87404,44.57232,16.043547,5.270605,3.7776031,2.5505428,4.2006207,52.267498,16.492996,9.242617,23.191292,56.76983,70.49612,15.58787,6.488331,8.8273735,4.186611,3.5085487,9.631415,74.231735,105.56144,20.21928,4.5054398,3.7200623,82.718506,10.956455,4.643858,4.886471,3.6625204,1.5225501,2.1601868,31.276829,113.11508,12.796268,2.9953327,2.567646,2.4603443,2.8413696,9.437012,63.94246,19.63919,4.9020195,4.5940933,16.97978,44.40125,22.477448,15.370138,17.237946,2.1213055,1.9486771,4.503886,31.692066,73.24105,22.440125,4.8304834,1.8802423
30.032654,12.571428,5.533334,2.893877,6.0598645,22.595919,37.64489,30.427212,23.568703,12.346935,7.636738,5.756462,10.563263,60.191833,88.41225,40.647625,41.185036,9.276187,6.531969,7.5510273,8.3564625,29.537415,74.572784,74.80137,28.487074,11.480272,9.885717,13.862586,14.106124,9.809524,11.727891,23.285715,19.157833,7.794552,4.726531,5.653064,17.850342,56.276196,65.41361,31.688435,15.299309,4.322445,2.869381,5.076193,20.152382,93.10066,104.83539,36.571426,117.18913,14.2489805,1.772789,1.4775505,3.2979546,21.52109,64.89388,111.259865,89.05986,16.542858,7.4802685,11.482994,18.52517,17.034012,16.814966,55.119728,11.3482895,16.034014,18.061226,19.54966,29.171429,31.700678,19.92789,10.639458,16.76598,47.912926,59.072105,25.874832,24.772789,25.774153,14.4449005,6.6843567,116.96463,90.10205,38.046257,7.315645,3.8027248,3.4013634,5.657139,36.23265,92.10748,29.05442,6.855783,7.7102013,16.578228,21.697956,19.25034,38.627213,14.04354,37.11429,40.189114,19.518368,10.224489,4.8693867,3.1986403,4.3850327,21.10884,82.28027,92.61496,23.12381,6.9496613,4.541497,3.4816303,4.1727905,35.77823,87.13332,73.922455,19.088434,9.97823,8.87619,6.291149,7.1020384,29.462585,26.593197,12.797279,9.417687,14.37415,14.386395,9.767345,12.266666
55.029705,12.963696,2.7409244,6.6089106,18.067657,13.270626,7.179867,17.39439,112.699684,43.0132,8.66997,6.7656775,7.148513,4.0214577,3.5643635,22.462048,30.30363,23.597359,15.869635,15.599013,11.9636965,5.6600657,3.8498268,6.333334,9.404289,9.135314,7.6386175,11.090758,12.668318,5.9306927,4.1732683,4.090762,88.99671,16.463694,5.38449,14.39439,31.635315,19.079208,11.085807,29.250824,129.96866,42.80033,6.41914,5.4240913,7.2244225,3.8366203,4.7739315,41.83168,30.483507,18.950493,12.849836,14.886141,18.871288,19.18812,13.79538,10.049507,10.306919,8.665015,7.3597336,12.351484,23.404291,27.31023,20.567657,11.122114,73.4835,9.778874,6.8168373,14.910888,33.0231,21.074257,13.057755,43.86964,126.53137,13.011549,2.3844872,2.6864681,6.764023,17.39604,60.39274,110.01816,14.095707,3.3745956,2.6435623,2.877884,11.117163,91.0462,115.577545,31.31188,6.6221046,2.0528011,1.4653482,2.4108868,13.952143,84.60396,102.11223,28.105612,19.300335,4.3366346,2.9950485,7.7871294,24.023102,19.5132,15.59901,24.394388,28.191418,2.6699696,1.9554539,3.7574272,11.838284,38.60726,102.86635,80.11551,4.23267,2.2838326,1.998352,1.7194729,5.605609,85.4373,123.02143,26.539604,7.5676594,3.0511532,1.5231009,0.7640228,3.646865,48.65677,79.396034,21.468647
23.608696,20.936646,11.495651,9.963975,10.968945,7.883229,6.0571413,10.154039,32.33416,69.53416,70.28696,19.000002,8.397515,6.0981426,6.7913074,11.444721,33.731678,58.96025,83.08571,30.4,6.2372665,4.0422363,5.293169,11.473286,24.941612,26.2323,32.48945,24.679502,8.623604,3.3751554,3.3279514,9.631056,90.78883,45.715523,12.436025,12.829816,12.062113,9.541616,7.4546566,20.0559,112.32421,111.43106,86.22484,16.135405,2.6633549,2.0472069,2.5527954,22.18261,16.980145,56.44471,107.4658,68.654655,16.240997,5.45714,4.281992,6.305588,17.145336,26.002487,54.95279,57.83354,22.447206,6.234783,4.365217,8.30187,93.98385,25.868324,14.5813675,14.669564,10.166464,7.8496885,7.813665,37.44472,117.50434,29.074535,7.481989,3.9888172,3.014906,7.600004,41.581367,107.20745,20.62981,9.662111,15.396271,22.06211,19.88323,28.28944,71.38136,60.59751,13.788818,9.885716,18.541615,31.160248,30.298136,23.693165,25.709318,21.236027,29.940374,12.014907,10.9441,10.949068,8.354037,5.612423,9.462111,25.00621,41.426086,8.448447,6.698147,8.190063,8.920496,14.952795,63.086952,85.76523,25.44472,4.6832314,3.532919,4.91677,6.913042,22.361492,89.449684,84.577644,18.424847,4.4906816,3.778881,5.1577635,9.257143,18.893167,39.60372,39.668312
41.21293,25.406841,15.606463,11.63308,7.9163504,5.739543,6.157793,16.203423,55.65779,50.336502,44.615967,30.241447,14.4429655,8.1635,8.169207,20.076048,53.146393,41.258553,35.444866,30.077948,20.247147,12.507604,11.2471485,22.484787,14.678705,9.577946,9.72624,24.558935,36.467678,23.671104,12.973383,11.220534,90.163506,55.020905,22.98479,12.0570345,7.212927,5.460081,8.728136,33.001904,77.89163,78.13878,65.885925,36.55133,11.8231945,8.1178665,16.557037,33.239544,29.615976,42.574142,56.4981,55.03042,56.975285,30.842207,20.849812,16.100758,11.553226,8.039925,10.705321,38.112167,78.54753,52.507607,24.150192,13.02662,75.1787,31.129276,12.950572,9.55513,10.536121,15.355513,26.56654,53.906853,57.889736,17.855515,8.627375,7.3212852,15.384031,47.71293,100.587456,90.77947,25.756641,8.068445,8.104561,20.473383,54.266163,66.096954,91.79848,73.61978,12.216717,6.8231916,10.087452,36.79467,78.05322,50.507603,25.773766,17.74905,23.488596,11.346007,9.275665,11.929658,16.05133,17.418253,18.488594,20.714828,31.249048,12.522814,12.346012,18.258554,27.195818,33.585556,50.18631,43.442963,47.532314,15.792775,10.1007595,13.762356,21.914448,25.31369,43.38403,58.21483,15.414451,7.441066,8.178707,18.967678,29.929657,20.960075,16.458174,17.891634
12.656485,16.442747,16.91603,9.69084,6.8969464,16.64313,31.261452,15.227099,18.572517,22.450382,25.694656,16.9771,12.238549,31.977098,60.93512,23.124046,40.515266,20.923662,15.473282,10.301529,9.61832,26.528625,59.118324,45.94084,57.099236,25.59351,12.479008,7.5744305,6.788168,4.1793904,8.893129,28.173664,9.251915,9.479004,11.46374,10.022902,15.290077,53.57824,76.19657,20.200382,7.164112,7.4656525,12.606871,9.486644,13.524811,78.95419,114.65268,26.91603,101.67177,22.669846,7.21566,2.1698494,3.8244324,29.973284,85.90649,88.87977,119.59733,31.84542,9.795802,6.8816795,9.929398,4.1068716,7.2061057,61.963737,5.29961,20.709925,67.496185,36.53244,20.692749,22.566793,16.854961,5.1908436,6.7786217,48.10305,113.4122,41.76336,13.270994,19.181297,15.660307,4.6221313,95.177475,82.67938,83.73474,19.21183,5.51527,4.524807,6.320606,24.242367,118.93321,36.66603,6.4351144,4.1755724,7.286257,6.7728977,11.721372,55.303432,8.305346,23.2042,41.55726,17.051527,7.0190835,8.360687,12.961832,8.734733,12.916027,32.160305,66.00763,24.78626,13.645038,19.492367,22.074425,14.702282,30.152672,32.02481,45.81107,22.00954,16.862595,20.173664,19.074429,19.068703,59.809166,20.330153,6.8702297,3.3988528,4.3950377,8.062977,14.702289,34.782444
4.284069,5.311778,6.6697445,8.808314,13.013857,13.856812,17.355658,5.420326,12.265587,7.8152466,8.22171,7.8914585,11.180138,16.983833,28.205544,16.618938,96.845245,17.281754,4.7159348,2.4341831,2.6697474,5.5588903,19.198616,52.034637,104.150116,22.177828,7.6328,5.411085,4.73903,1.2979212,2.849885,36.445732,4.431877,7.651263,25.397228,26.960743,24.362587,17.584295,14.159355,5.000002,10.445728,8.988451,26.861433,16.70439,15.39261,21.558891,19.036953,11.965357,118.51271,28.667437,11.159351,2.3856812,2.2586613,4.842951,9.538105,48.621246,129.41339,27.110857,4.9953804,5.025404,6.651264,2.949192,4.69746,56.411087,7.2078476,25.290995,99.42724,47.020786,16.963049,8.096999,9.094689,7.796772,7.006912,41.00462,130.17783,55.646652,8.217089,6.4572773,9.912243,7.7552032,70.89607,87.13626,123.558914,29.357967,3.9260979,4.808319,8.431873,14.212473,114.7783,59.04156,21.662817,5.475752,5.22171,6.3926086,13.30254,44.93995,9.445732,16.78522,35.87529,11.189377,5.5889144,11.083141,39.64896,22.889145,13.237871,22.212471,65.24018,18.581985,9.011547,25.916859,74.62586,38.351036,14.371824,23.394922,59.61432,20.47575,10.872978,29.967669,69.42494,35.78522,34.323326,18.923786,12.9307165,5.3879886,4.736721,11.801386,31.471127,34.729786
10.801548,43.822155,49.34278,9.595361,5.3530936,10.618556,18.909792,7.8453608,15.378866,64.260315,80.8737,21.329899,13.314432,30.239689,45.677834,10.376288,33.917526,49.237118,49.46649,15.577322,15.20103,33.927837,58.778343,26.427834,51.13144,30.989695,14.551548,5.4510317,5.3376293,4.8067007,15.969073,26.822165,12.000008,23.332474,18.283504,7.7525787,11.943301,61.804127,94.41751,20.417526,8.840206,15.567011,13.262884,6.4871197,10.798969,102.64173,125.80928,20.999996,87.319595,11.273197,5.0721626,2.775772,6.6494865,58.15464,108.16753,75.634026,122.0567,23.02835,6.1288624,4.198454,5.438143,4.38144,17.005154,70.28608,3.394333,5.5489655,12.074744,14.938144,22.37629,42.33762,38.62887,6.2164974,7.9922485,12.476802,16.494846,15.327316,17.90464,31.590206,31.463919,6.3788643,105.13401,25.180414,9.077326,4.956188,3.5979404,5.0077286,10.21134,39.80928,125.64174,17.786083,1.9510336,1.7963943,3.3144302,4.6314507,9.14691,64.108246,2.6649551,7.456187,14.051546,10.881443,12.932989,10.520619,8.041237,3.0360842,6.974226,14.608248,24.827324,15.131442,12.894331,9.793813,10.064432,5.7938194,61.2268,24.837631,17.597939,6.6237144,5.577319,5.2706165,7.932987,20.20103,97.644325,19.466496,2.9639163,0.9123707,1.4819584,3.5489683,9.6391735,38.780922
13.301138,10.808237,7.863636,15.775568,37.886368,27.549713,10.394886,8.676138,10.775562,6.28409,5.242897,16.15625,61.565342,68.058235,27.284092,13.106534,73.49858,11.893463,4.035511,5.130686,12.749999,24.144884,28.001421,57.815346,66.84232,15.237216,6.9346647,7.693181,6.159091,3.620739,6.276988,32.86222,16.32529,10.409085,9.588068,29.004263,74.93324,51.279835,17.732954,13.163353,9.384937,5.1150513,9.663349,31.193184,92.582405,84.937485,25.863636,12.022724,104.978714,29.623579,9.339487,5.127846,10.360798,17.333809,19.860796,65.72585,106.71448,27.09375,7.426132,8.268465,7.28409,5.3821,7.9701705,50.764206,17.622154,17.632103,41.507107,68.52842,50.764206,16.298294,8.207388,12.80398,5.7073708,27.501421,115.62642,105.84659,47.607956,14.531251,3.2158985,2.55682,68.14915,97.545456,116.242905,32.642044,4.553976,2.649147,2.3039818,12.66193,86.98437,58.910507,29.234379,11.50568,8.727268,7.572441,7.535509,25.196024,24.474434,17.762783,24.004263,17.774147,8.215908,6.745739,10.109375,17.978691,18.703123,26.181816,84.03409,44.285515,11.160512,9.22159,14.596588,18.187498,12.15909,38.068184,87.906265,36.875,13.805396,12.664774,13.779825,10.723011,17.068184,21.237215,26.443184,16.883522,12.113636,11.34801,9.241474,9.338068
40.013557,25.28765,11.926205,8.067771,7.5948806,9.727409,13.207831,22.061749,22.576805,50.603912,62.694275,27.73946,19.92771,15.0436735,10.697294,11.134037,15.493977,58.08284,82.906624,26.268072,11.978914,10.204821,8.578314,7.6506023,12.605423,33.197292,43.646088,19.180723,10.843374,8.108434,5.3539166,5.430723,104.36597,36.299694,8.030121,4.5993996,5.873493,9.638557,17.399097,55.9232,94.073784,92.68222,80.08284,18.618979,6.06024,5.4442787,9.519585,32.914154,10.210857,59.525597,99.36293,40.26506,25.881025,36.567772,18.006027,5.4728928,8.765057,21.605423,40.59789,32.408134,38.759037,42.149094,19.03313,6.8192825,108.81476,19.938253,4.652115,4.424694,5.2560215,7.0240965,14.513555,72.15361,103.68373,22.531628,6.36446,1.8373451,3.5632534,32.99699,83.06023,101.48494,12.882534,8.602411,9.548195,8.421682,23.80271,94.25,99.81627,32.50753,18.575294,13.457831,11.21235,12.26506,25.564758,59.046684,45.176205,20.570784,50.18976,21.399096,9.887049,6.9277105,4.4487953,4.356928,8.374999,28.118973,51.89307,21.141565,10.064766,6.536148,8.474398,24.121986,50.730415,56.93976,29.713856,21.376507,15.908134,11.507529,12.537649,34.317772,45.384033,29.213854,20.195786,16.123493,12.853916,10.180723,9.60241,16.460844,16.486444,15.138554
21.191126,6.790101,6.3617735,8.080205,11.832766,17.841295,41.14334,43.660408,33.264503,12.397612,11.013655,10.474404,11.4112625,26.25256,86.64336,79.33276,19.909555,9.192831,12.044367,18.769627,24.474403,39.974403,81.119446,56.259384,24.428326,11.687713,10.540957,15.165529,16.633106,16.923208,22.715017,27.730377,11.991478,4.660404,8.4436865,21.78669,31.351536,33.44198,49.100685,32.92321,13.090439,3.8822556,5.6382256,15.271332,22.010239,43.406143,104.20819,68.1331,83.05119,24.943686,7.1535835,4.6979523,6.645052,24.88908,94.534134,96.493164,83.15358,38.612633,24.759384,18.92321,13.933447,11.67918,19.061434,50.846416,12.641644,10.162117,16.976112,33.167233,28.232082,18.320818,19.82594,16.766214,24.72013,30.771332,40.238907,42.996586,25.035835,13.885668,14.230381,12.88055,109.35324,93.716736,46.832767,13.540955,4.581915,2.5187645,5.394203,29.648464,96.22354,65.19794,30.38908,20.349827,14.965869,10.438566,8.834471,28.858362,13.8020525,10.095564,15.986348,23.452217,12.563139,7.1467576,8.940272,12.885665,46.680885,39.315697,38.168945,29.230377,11.672356,5.5085316,7.3259373,20.414677,86.16894,73.24574,42.006824,15.7372,7.4726944,6.100683,7.399311,28.395903,48.49659,29.491468,13.909556,10.8788395,12.725257,13.754267,12.537542,22.447098
17.376724,11.325442,6.611439,4.5069046,7.8126225,20.869822,17.59566,10.461538,12.467453,9.252466,7.865879,6.790926,9.5364895,43.646942,81.23867,25.475346,16.52465,7.757394,8.25049,9.593693,9.043392,18.001972,76.865875,52.91124,12.881656,6.4240637,7.897441,11.14793,10.674557,8.812624,14.301775,18.027615,15.384621,8.323466,3.2031565,2.4319544,24.457594,118.57002,53.445763,11.629191,4.767254,1.3806572,0.9625206,1.5128212,14.903354,125.047325,125.24656,29.923077,88.029594,5.4930973,1.0670547,1.1577911,1.5700207,19.191322,115.159775,124.49114,80.32939,11.856016,6.9092693,9.094675,8.7652855,10.177512,18.390532,65.57988,6.0848045,3.873763,2.50099,4.9211025,47.38659,114.260376,29.605526,7.00198,16.1282,9.639055,7.112423,7.268242,24.524654,60.60158,22.804733,9.522686,126.71204,29.928997,4.021698,2.4615364,2.167656,4.2169685,9.366859,61.228798,119.91124,22.493097,3.6390553,4.4299793,8.704138,13.573963,10.096646,40.654835,3.3037453,4.1005898,5.1834335,9.214991,24.854046,26.623276,6.792899,3.1282072,18.325441,16.816568,12.142012,10.071003,12.143983,9.621304,4.2978287,5.392502,108.35701,41.646946,6.6923046,3.562128,3.583825,3.3589725,4.8165607,21.875738,88.73964,20.958578,1.5424051,1.5226803,5.824458,12.700197,10.828402,22.75345
39.635986,21.91841,31.37657,18.652721,5.9497905,3.077406,4.309621,16.027199,15.089952,24.36611,104.65065,73.64224,12.874477,5.146448,5.813818,7.4539776,26.972803,49.891212,95.48328,31.315899,4.59414,4.5146437,6.8347225,13.353561,35.200836,60.127613,44.35565,10.056487,2.1297045,1.7405858,2.8807545,10.42678,119.73013,25.794977,13.981172,7.510462,4.200838,3.6485405,6.6757336,59.16526,110.28453,49.621338,118.479065,63.338924,2.5523014,1.1255112,1.2322235,39.9728,10.922604,51.213387,129.96857,65.740585,4.4853573,2.0083637,1.5146389,2.5272026,18.146446,61.1025,85.76987,19.916319,5.707115,3.3953981,2.2301254,3.8159008,117.79289,25.37029,8.87448,8.516735,4.9811707,2.4079447,3.3661108,47.221764,129.38495,25.276152,7.5920506,3.6401691,1.4769859,1.6485367,3.815895,68.57113,18.688282,6.9874477,23.882847,15.983262,11.010461,9.474899,10.19875,14.292891,5.464424,7.1171494,17.861925,11.311714,11.186192,10.033472,7.8619194,6.8682003,76.48116,32.251045,18.317991,9.72385,2.8744774,0.86820173,1.389121,18.759415,110.86818,35.621338,9.52511,4.0292835,2.3326378,2.600422,6.6087856,37.640167,20.043934,5.154814,4.5690403,7.6297083,10.094141,8.564856,12.11088,14.983261,4.550215,3.0251026,2.9937224,5.451882,9.029289,7.0209208,7.476988,6.315896
32.57447,17.371714,5.853566,6.4943676,9.20776,6.2765946,5.715893,10.877348,43.155193,75.976204,71.14393,15.768462,5.3516912,4.2816067,4.4092712,7.0650835,6.573206,50.130165,113.28035,28.540678,4.1326656,3.2140179,3.433035,2.748438,7.007511,30.933672,78.46558,23.986233,2.9424276,1.067585,1.4668345,2.5556955,87.188995,18.2816,5.284107,11.055071,17.459324,9.759703,7.3704624,22.321653,128.4756,91.10764,42.946182,7.000001,2.2941208,1.8372879,2.7734756,33.23279,17.037567,48.565704,99.9862,29.95119,6.1627064,6.680849,9.614519,6.2791023,6.2039948,22.340427,68.210266,33.823532,12.733416,11.148935,11.193992,4.0776005,78.86107,10.688357,5.3241577,11.339172,21.942429,10.043803,5.627036,27.933668,128.59451,14.287859,2.3366776,1.6520691,3.0463028,8.563208,41.162704,111.785965,16.729656,5.100128,6.2490597,3.962452,5.9662075,54.87735,114.011246,41.380474,4.618252,2.59449,4.0337944,4.30538,10.29286,55.357944,98.50815,19.046307,26.050064,6.894868,4.6220264,7.8911147,14.013768,5.8135176,4.3642054,16.315393,51.344177,6.540677,3.3491936,3.5719643,7.292865,17.87234,59.669586,79.51816,5.8735867,2.564455,3.5744705,3.4205246,6.619523,51.834793,111.55695,30.909885,6.57823,2.5894833,2.0988712,1.4680824,3.1239042,29.942429,77.99249,18.902378
17.240232,6.1374817,3.832128,5.383502,16.726482,38.554268,41.976837,31.319828,9.914616,3.8480473,3.1577473,5.853837,30.474676,92.12589,89.16064,36.02026,32.164978,6.4095497,4.46455,9.83358,26.379162,49.803185,64.017365,59.674385,20.360346,7.0173683,6.897256,16.403763,28.940664,18.26339,14.489145,22.014471,16.698997,6.205494,6.9956594,21.09841,46.382057,53.409557,41.629524,33.4631,19.09985,4.804634,8.144718,35.209843,63.356018,76.95657,58.44139,32.23589,105.241684,25.591894,9.345875,12.493488,14.033289,16.63676,27.722143,79.329956,51.863968,21.96961,19.616497,36.186687,36.24168,15.403763,10.105644,27.251808,35.507957,25.387844,25.295225,43.156296,34.448624,13.768451,11.289435,20.492043,27.308247,25.057888,58.345875,106.05499,50.259037,8.338643,4.416788,9.318382,111.16933,55.972504,35.392185,47.78003,13.169324,2.6034737,3.146164,39.452965,69.057884,32.254704,23.862518,39.39073,33.011574,9.884224,6.7756824,23.099857,41.98119,26.095512,19.58466,21.583214,11.843704,3.8610725,4.9551373,17.415339,42.112877,32.379158,54.557167,88.02026,24.54269,4.1143265,4.397974,15.674389,57.810417,51.018814,58.856728,72.07091,18.827784,2.602024,2.1794434,12.4790125,40.151955,23.322718,15.474674,24.231548,22.04197,5.931983,4.795945,13.960926
13.745098,9.450981,9.830659,16.903744,29.071299,26.199642,15.741533,11.83601,27.19786,13.618538,12.115864,16.16934,24.08378,34.878784,52.01961,40.128338,34.475937,16.29055,15.221033,18.609629,20.522282,24.67736,46.798573,46.565063,35.326202,19.203207,14.832444,14.472371,12.713014,8.062389,11.178252,24.00713,12.331558,8.32798,11.834225,37.160427,81.63814,60.568626,21.219252,10.484851,11.67915,5.7201385,11.467022,22.167559,50.823524,72.15329,89.52585,44.31016,71.04991,18.32977,10.707663,6.377903,8.42959,26.352943,84.78967,93.15509,95.97325,27.44385,12.996434,13.176472,13.067736,8.265598,16.67023,62.748657,11.627453,8.598929,14.912658,52.000004,81.33867,41.932266,19.666666,11.411772,18.650623,48.6328,87.928696,69.041,48.017822,20.871658,11.196077,9.058826,71.367195,81.959015,97.63104,41.71836,7.7040997,3.8770142,8.941179,25.736185,100.468796,53.636353,22.026737,13.397504,10.042778,6.891266,9.324419,37.75936,14.429597,9.506238,11.062389,21.761139,28.390375,19.502676,14.065952,12.112299,53.402847,46.131905,43.196083,27.039217,17.224598,11.112301,12.354723,26.288769,41.96791,46.443848,60.727272,39.13012,17.896612,11.584667,12.046347,18.982174,36.743317,26.80392,19.37968,15.313725,12.1123,9.832441,9.857397,17.26738
30.477346,8.752424,4.1699023,3.6407757,9.78479,27.584145,44.177986,42.003242,15.27993,5.211975,4.78318,3.7799377,17.726536,81.689316,106.05666,47.822006,20.920712,3.8349438,3.4579334,4.4902954,13.2540455,55.943367,105.634285,71.0712,15.62783,3.6763735,2.703889,6.3042097,20.071198,32.757286,44.69256,31.289644,43.773468,12.202262,6.941748,13.0711975,38.218445,41.469254,35.996765,43.014565,18.15857,4.3478966,4.01779,21.461166,84.430435,88.3851,68.56473,29.927183,97.83981,20.443365,5.386738,6.406151,14.436896,26.444984,59.42072,82.98706,55.677994,18.218447,10.705499,16.076052,31.025892,26.80097,25.119743,37.116505,55.40615,20.088999,11.666667,23.40453,42.564728,19.487055,12.677994,28.45631,29.300976,14.527508,12.626215,60.969254,103.658585,27.83657,7.2006493,10.339806,114.37218,49.19256,12.05987,15.839804,20.77346,7.5841446,5.1116524,32.362457,66.5712,26.71521,13.700647,20.891584,36.56796,20.088993,8.927183,21.100325,38.318775,13.7297735,7.187704,14.9207115,24.454693,10.524273,6.4886727,16.639158,27.009706,16.833334,15.1326885,46.27508,69.488686,16.711973,5.995142,10.766987,87.52589,41.88835,15.459541,18.711973,19.352749,6.2540436,4.035589,17.707119,40.02104,15.355987,5.8754044,12.059871,24.2233,12.31068,6.037215,13.823625
31.982248,19.489645,17.032547,30.180473,16.406807,3.4023666,2.5783978,9.723374,61.988167,54.983727,55.38906,61.87574,14.220413,2.0162754,1.9600677,13.164202,40.142014,35.46006,50.581356,76.76184,21.427513,3.4925995,2.8846111,11.244085,35.754436,27.051777,24.392014,28.56213,11.368343,2.9866872,2.5695276,10.380177,57.359467,27.758875,32.44083,61.03106,31.41716,6.806217,4.9955635,19.224852,111.065094,63.710056,45.636097,58.47042,20.235207,3.6005821,4.6849155,44.384613,43.66568,33.12278,57.76184,101.54732,55.7145,8.739642,5.821003,16.420116,46.58728,34.08432,31.857986,48.137577,31.798819,10.497041,8.866865,21.221893,48.15089,20.181953,26.360949,52.769234,38.684914,13.476331,10.607988,28.06361,102.53846,31.946745,21.337278,31.103552,28.486685,14.102073,18.64941,79.22485,39.49259,9.897928,14.241121,52.443794,73.32249,45.28994,33.158283,47.42308,35.386097,12.778106,12.1612425,30.554735,46.170113,30.43639,26.699705,38.029583,23.289944,7.4452677,8.164201,20.37426,27.428995,15.488167,13.760355,25.032545,44.09763,8.599114,8.292904,20.461538,35.149414,28.112427,34.22633,63.8861,20.192307,2.801773,2.5281124,11.214497,45.192314,57.392006,55.3358,52.887573,20.229294,4.133134,3.458578,9.594674,23.10355,25.547337,25.822483,31.622776
10.360939,8.163597,6.4151325,6.5235167,14.555214,32.996925,26.695292,13.975463,11.319029,7.275049,6.294483,6.1993847,14.864008,69.14723,79.07976,27.247444,39.868095,8.151328,4.874237,5.999998,8.338446,28.511248,64.41,70.42026,33.43149,12.282209,8.145201,9.516357,9.163597,5.8660536,8.149283,25.275055,7.177906,5.3251476,7.1758733,26.5501,60.710632,72.1411,33.48364,9.719833,8.480595,3.5061417,6.7045,18.424337,39.46933,100.00202,86.066475,23.897749,116.482635,20.286299,3.49691,2.3220787,3.3425388,20.180983,49.873203,102.88553,96.12781,23.070553,9.184044,11.808794,12.443764,7.4447823,7.575666,41.00716,8.197342,10.084864,39.0092,86.222916,55.42636,16.739264,5.651335,5.913084,6.6349754,26.010223,107.87117,102.81595,34.126785,14.919226,5.7852745,3.313881,111.2505,104.73312,84.54602,20.15644,2.2944775,1.7975426,2.425354,22.00102,95.39058,41.992836,10.300614,9.740285,11.746416,10.672796,9.468298,24.713703,13.242332,12.527607,27.582819,30.88752,10.57362,5.037834,8.214724,11.516362,11.786301,27.056236,91.81595,55.03579,9.421268,5.8681,8.885479,11.405935,19.8773,61.35275,85.358894,25.05419,7.787318,6.797537,7.178932,7.6380396,21.258696,22.3047,12.29141,8.784253,10.52863,10.466257,7.675872,9.441714
63.43975,13.300211,1.8245239,1.4143772,3.3868923,11.634249,24.866806,50.58774,79.69557,22.175476,6.167021,4.921777,4.1099377,4.729391,10.135313,40.8647,13.006336,12.241014,12.338264,12.050743,13.695561,10.050739,3.8054943,4.4038067,4.5496826,7.6279078,8.099369,7.084566,10.761101,9.315012,3.807611,2.4672327,109.44821,15.32135,1.8668098,2.3234663,6.61522,15.503171,21.693447,61.653275,126.12686,28.477802,3.112053,2.2389011,2.6871052,4.8414364,9.141649,56.033825,17.790707,10.997884,9.462999,10.179703,16.583511,32.720932,30.069769,7.883724,7.5496864,7.2980986,8.350952,8.7463,16.731503,27.623676,32.14799,10.661737,117.63636,26.832981,5.0761127,3.0993633,7.054968,8.420717,8.752644,37.742073,121.3869,24.298098,1.1437645,0.8837204,2.9704018,72.88373,87.73361,60.39112,10.498947,2.3065567,0.7674446,1.1479912,6.5074005,115.241,125.81183,31.306553,26.824524,5.522196,1.7505293,2.251587,9.469343,43.338264,96.18605,65.063416,49.141647,14.422833,3.6871033,2.2262173,6.154334,12.410149,19.16279,26.02537,30.80761,8.412263,3.5835094,3.3023205,10.623678,88.99789,95.2093,32.91332,19.253696,12.541228,5.012686,3.6723022,6.985198,72.48413,77.949265,26.04651,38.7611,13.824524,2.7188148,1.0147963,2.8964043,14.589851,34.505287,43.898506
27.26132,28.508408,24.789131,18.53299,12.499353,6.6481223,5.545923,9.864168,13.689516,42.956017,86.8176,54.66106,17.415264,7.5989666,4.2445107,4.2238064,15.056917,26.732208,71.009056,64.42821,18.122898,6.437257,5.820183,7.755499,17.324707,16.186287,17.240622,19.63519,13.7684355,7.887452,7.3143597,9.9146185,96.59251,46.61966,19.68176,11.477362,8.417852,7.8965073,11.160415,37.617077,71.115135,77.73738,90.12938,48.877106,11.945666,6.5135746,5.5239353,19.542042,7.1229134,23.787838,79.06596,104.13713,87.106094,29.178528,4.4618397,2.9883575,18.838287,19.934025,24.556273,46.135838,55.97283,21.86934,9.029754,10.848644,105.53039,22.287193,7.650715,7.063385,8.358343,9.697283,15.184995,61.837006,89.90944,21.576973,6.6946964,5.5058155,13.75291,54.575684,56.88357,73.364815,10.451485,5.798193,6.3803406,22.6119,86.332466,112.69211,53.17076,14.320826,24.739971,17.50841,14.274256,20.956015,50.486412,42.60543,15.773609,17.05951,45.965073,10.908151,5.738682,5.989652,7.768435,9.92238,15.984476,37.628723,30.60543,6.243211,3.6067276,4.818884,16.23674,64.261314,73.66364,49.698578,18.327293,10.318241,7.0038795,7.338937,24.996117,84.08278,51.96765,20.12031,24.750326,12.939198,8.349289,6.8292365,11.848642,16.953428,12.971539,17.785252
17.399422,4.2199707,2.4167895,2.9131694,6.37482,20.829233,47.57163,34.285095,24.237335,6.0217094,3.8321266,4.5209904,8.111432,31.454412,89.206955,68.84082,55.264835,10.93777,6.4978313,7.732275,9.296671,15.96382,53.405212,83.04197,31.74819,13.136034,10.282204,12.87699,12.6382065,6.437049,6.855282,20.089725,11.374828,7.723584,12.984081,14.959479,17.376268,26.96816,39.03763,20.808973,19.27206,6.8712006,11.373373,10.856733,12.461651,31.124456,76.892914,53.30101,122.700455,21.66136,4.081051,2.5137558,2.8205547,6.5368977,34.17945,108.526764,89.51375,22.24168,12.261937,17.002895,17.257599,9.03039,6.547034,35.01592,9.95369,30.959476,73.04775,41.73227,15.160637,7.6411,5.465993,5.3082542,13.292324,54.14472,110.6758,51.16353,10.594792,5.1722164,4.9985523,5.2619476,119.24892,103.7207,72.971054,12.752532,2.052105,1.7496414,2.4254723,25.408104,92.6107,36.179447,9.756874,11.986975,14.801735,13.296673,9.450069,23.821999,17.312595,39.243122,61.662796,21.774239,4.693198,2.8668594,3.8972502,6.0853834,16.693195,59.677277,106.63386,34.858177,6.3024597,4.801735,6.144718,6.900141,27.829231,73.58032,84.70623,22.149057,9.098406,8.839363,7.1649704,6.4587555,24.793055,23.298117,12.289436,9.260492,9.968163,11.439942,9.206945,9.063675
80.45489,23.41917,2.1898499,2.9417286,11.099624,23.203003,14.31955,27.528198,73.52257,23.383457,3.035717,4.541353,29.161655,97.8891,54.800762,41.454887,78.74999,12.770675,2.103382,3.1597805,21.840225,88.74625,69.975555,68.17107,52.53384,13.552632,4.834592,7.1748123,29.530071,42.407887,15.543234,24.584587,69.885345,16.422932,2.1315813,2.714285,16.774437,46.830826,38.64662,42.6297,39.58647,5.669174,0.81202316,1.7199268,30.071432,115.29133,85.870316,39.659775,116.45115,17.259398,0.7518692,0.6428528,10.847747,68.69926,54.04135,87.38159,78.687965,14.394735,2.8834572,3.8627815,34.14098,85.411674,46.663536,48.13346,20.413536,11.039473,5.757519,5.84774,18.956766,34.840225,23.969923,14.753765,18.554504,8.761277,5.334585,6.6428566,23.962406,49.84587,25.682333,10.246239,90.91165,20.526316,3.0864658,2.127821,7.110903,24.552633,30.223682,53.304512,47.71053,12.808272,2.6240606,2.146614,18.806389,69.09586,51.892853,38.195488,7.244362,8.74436,6.749999,6.82331,14.7161665,10.684211,3.6447368,2.7481222,12.70113,14.248119,10.199249,11.270673,18.101501,9.727444,3.409771,3.7124062,28.171051,17.20113,8.043234,5.7706747,9.377817,14.665412,12.629698,14.045111,23.033836,13.144736,4.6296983,2.885336,8.268799,18.058271,12.977443,10.567669
40.976887,24.127735,7.091241,5.4841843,6.53893,7.5364947,8.899027,15.536497,60.03406,91.19586,47.36618,11.425792,5.358882,5.3515854,5.1703186,13.0073,29.889294,71.4416,67.34307,24.514599,8.94039,4.3163023,3.256691,7.642338,12.714111,22.070559,26.147207,23.632603,15.8649645,7.1982965,4.1253047,5.770074,99.85402,28.35523,7.1727505,7.5535307,9.163016,9.833332,10.22506,34.002434,122.85887,91.767624,29.383213,7.5547466,3.1557178,3.232357,5.81752,41.21411,21.980549,43.89659,43.44161,30.908756,27.956205,29.223846,18.07056,10.298058,10.643547,11.363748,13.053525,22.190998,38.97932,43.49027,24.931875,11.699514,82.18126,13.897811,9.67275,10.239657,11.453771,10.585159,11.766424,50.91606,115.27371,12.897809,2.5401535,2.3418427,3.2019424,18.368614,88.06569,119.14233,10.6970825,3.2043839,3.0717735,6.103403,20.402676,96.20924,118.597305,42.90511,13.099754,5.708029,3.0474463,4.6374674,25.079075,78.05475,75.642334,26.981754,16.383217,7.344282,9.306572,10.332118,10.200729,8.23236,10.396593,21.04136,19.479317,6.717763,7.4160633,9.208031,9.645984,21.948906,79.384415,67.24575,14.569344,7.2992706,6.0218964,5.309,6.729925,43.84428,98.91363,39.090023,19.777374,8.52433,4.7810225,3.499998,6.057178,22.716545,38.68857,24.793186
57.781437,25.154737,4.253385,3.0096703,6.7911034,10.282398,11.736944,20.810446,46.736942,38.48936,17.121857,12.715668,14.704061,10.241779,8.241783,14.030948,15.678915,26.133461,24.589941,25.429401,34.42553,18.36557,4.543522,4.0174026,10.015474,11.088974,10.4854965,15.141201,32.07737,23.079306,5.7543516,4.5357857,94.04256,21.7853,2.31915,2.1566744,6.731142,16.60735,27.47969,59.893616,85.98839,36.541588,9.524176,6.864606,8.483561,12.394581,16.992262,44.953575,16.021282,16.085106,12.344299,16.00193,58.69052,84.57641,19.680851,8.309475,32.02128,17.009672,9.396515,12.361702,44.938107,59.528053,20.274662,13.909091,84.255325,10.052222,1.7543545,1.7504768,6.450676,17.814312,39.510643,85.53966,79.09671,9.342358,1.1547432,0.9516449,5.1141186,56.62283,96.67891,101.83946,27.179873,6.359764,1.4719563,2.6034794,37.705997,119.6383,87.81625,28.893616,74.82205,27.05029,6.2340426,5.721468,22.83172,48.444874,25.108318,32.421665,22.918764,4.456481,2.59768,2.6266937,6.5087037,15.762089,31.177944,43.35977,22.777557,6.083173,2.8994217,1.9013519,4.7408094,53.15474,99.75629,63.60541,59.729202,22.874275,3.413929,2.18182,8.123789,66.239845,62.847195,32.551258,72.57254,24.83559,3.220501,2.5744677,8.4777565,12.350097,10.531914,24.3559
18.22689,5.876047,7.2794113,27.361347,30.590338,11.180672,9.789915,19.718489,23.004196,3.1470566,3.443283,21.642859,40.464294,23.277311,24.60294,38.21639,39.907562,7.376046,4.8193245,14.096638,21.632353,16.533611,20.14706,43.516804,30.714285,9.193277,7.027315,11.865546,13.890758,7.939076,7.8508396,23.94328,47.741596,17.894957,24.2416,58.485287,44.38025,10.890753,8.842432,30.224789,20.439068,5.813019,13.737398,81.53572,77.100845,16.76471,13.117649,24.672268,67.17437,25.634453,14.2374,16.41596,14.680675,8.600838,14.489495,49.254204,56.97689,34.392857,28.485292,22.529413,15.060921,6.539914,7.163865,27.07983,78.37186,23.542017,20.89916,52.434875,33.300423,8.607141,9.617647,43.539917,31.493696,23.758404,53.14076,112.77942,76.36554,8.117648,5.006302,15.3550415,77.43487,94.493706,77.05882,46.642853,12.151259,1.5483246,2.1239471,16.588234,56.409664,75.182755,67.39286,40.03151,13.642858,3.8655472,2.2983208,11.100843,63.39706,16.342438,12.636553,21.670168,13.827731,5.1659656,6.6932764,35.09874,62.037815,40.455887,57.653362,76.327736,28.707985,7.0987406,6.373947,30.420166,49.10084,85.68068,86.30463,54.26471,11.47689,4.287813,4.134445,12.880253,25.279413,40.241596,36.76261,30.861343,15.476891,7.8235292,4.831929,9.834034
11.5413,4.1212626,4.3936725,10.068542,17.237259,22.891037,31.753954,27.214413,17.10896,5.0298767,5.9507904,12.743411,26.165201,39.815464,59.662567,46.84886,33.956062,14.159927,12.057993,16.534271,22.681898,25.054482,35.866432,43.32689,36.26889,22.45167,21.200352,15.137083,7.1757474,5.622144,9.451669,22.836555,12.938496,9.827766,23.110722,42.500877,30.588753,22.792618,23.295256,19.383127,19.72231,7.416519,19.831284,43.339195,28.648506,27.57645,43.62566,37.31634,101.64851,51.8348,21.659056,11.3286495,6.4587,8.384886,21.261864,60.506153,77.827774,63.130062,53.369072,29.130054,9.298769,3.6344461,4.78559,25.906853,32.497368,35.861153,65.72056,66.611595,15.871704,4.999997,5.8945513,17.616875,20.39191,29.281197,100.189804,110.57294,19.629175,3.4340954,3.9015827,8.701225,112.13533,76.504395,71.99649,52.817223,5.1300526,1.1792641,2.04393,34.205624,96.581726,54.367302,33.46573,24.852371,12.8892765,6.810192,6.810192,35.166958,37.068546,20.530754,26.147627,24.455185,7.12478,4.659051,9.952548,32.57645,31.486816,22.88928,59.869953,74.344475,21.75044,9.652021,16.230227,29.987698,54.65729,43.824253,67.67135,63.22496,16.615112,7.2161655,9.319853,23.632689,51.156418,25.09842,15.71529,13.597539,11.395431,7.6766253,9.098417,25.210894
43.78483,14.363183,7.0808454,7.9042287,9.002489,8.621889,12.039801,27.587067,53.278603,34.939056,40.218906,49.542282,26.451492,7.657963,6.600748,21.26617,12.754978,17.99005,54.695274,80.32587,39.143036,12.966416,8.034824,9.828356,18.973879,23.284824,32.23508,24.951492,9.54229,6.0957713,7.5522385,13.6741295,80.44154,23.870647,8.597014,10.838309,14.5161705,12.452734,13.057215,39.983833,114.28482,57.587067,31.691544,29.50622,10.03607,4.64925,7.0198994,46.37313,16.997532,28.231342,86.25745,95.86691,31.286072,17.685324,14.14428,8.3233795,14.812191,34.060947,71.56966,59.820892,20.327116,14.696516,14.038557,9.685328,79.79229,31.531094,13.616919,13.401744,14.477609,9.834577,9.031095,31.47388,113.04974,36.14428,6.9626884,4.205223,9.598258,39.309704,45.029854,71.20274,16.467667,7.35697,10.319653,13.5522375,27.665422,104.12562,102.493774,32.486317,18.613182,8.103233,11.429105,13.982586,18.152983,56.73134,81.389305,43.029854,35.559704,18.095772,9.562191,8.961443,10.488806,10.233831,10.108209,21.38184,39.570892,11.847014,5.5808544,8.165426,23.466417,61.86566,56.22885,43.731342,13.676619,7.6915436,7.312195,10.0398,27.99378,82.52362,66.6194,22.610695,24.506222,8.842039,5.2748766,4.3644257,6.773633,20.409204,33.717663,32.196514
18.458641,23.173628,11.051596,4.5585613,5.6822243,5.2932005,5.1769085,6.1990204,14.973804,59.13105,86.17774,18.11876,5.4799356,4.024582,4.2424335,4.5323486,11.08107,22.293196,86.24652,51.507774,8.520887,3.5831356,4.7092514,6.6945076,11.461092,7.543818,13.907455,23.669125,12.655198,5.361996,5.619167,7.6986113,100.417694,43.919735,8.215394,3.669118,5.0851707,4.5855885,5.4471645,19.332506,106.72075,107.55034,91.14087,20.22523,2.5077991,1.7542801,2.7829628,18.730543,5.266979,21.705982,97.08678,109.1089,71.60767,18.326782,4.307131,2.313694,8.597889,4.968871,12.521698,64.9615,81.49056,18.817362,6.3366137,6.7207317,98.845215,13.374281,5.494667,5.8779716,5.5904903,4.0237446,6.1097493,49.170345,108.8714,14.19082,3.267826,1.8886108,2.8976307,21.659294,85.64781,112.54542,5.260437,2.1392174,3.698618,18.488947,71.841125,108.95083,96.368576,21.090918,7.691227,5.3169537,5.6347218,18.719084,81.01309,66.37922,15.797714,6.106474,19.565933,6.1572523,5.1392326,5.9688807,6.052418,4.5159674,9.021294,23.649471,16.270262,3.9606953,4.404587,4.8263607,6.3873835,20.103197,86.30139,61.75512,8.680607,4.856659,4.9058037,3.7887058,8.434075,54.964775,88.542206,21.633085,9.256346,6.219492,5.3628135,4.714172,11.705976,24.46847,15.817365,7.805887
41.11953,11.6700325,3.6515164,2.3417516,3.461279,17.218855,44.661613,51.03703,20.335014,10.2542095,6.602701,5.7929306,14.872053,86.94781,91.93942,33.803032,34.45623,7.318178,4.577444,7.03199,19.372053,86.267685,87.40571,41.94781,46.44276,16.484848,6.97307,7.4292936,11.89394,14.619528,15.040405,23.705387,23.395634,3.3501625,1.939395,2.0858593,6.5471363,45.79293,95.78787,64.64982,10.824905,1.9175148,1.188549,1.7037029,10.952862,111.50166,121.816505,35.04882,120.816505,22.934341,1.2996597,1.0471382,4.1767693,54.196968,76.861946,77.83165,107.043755,32.410774,8.784507,8.797981,13.900673,11.031986,11.998317,41.606064,8.764313,7.0707054,8.410779,8.690233,12.7609415,26.829966,31.553873,13.102699,20.863625,17.040405,11.796297,11.060602,14.688552,31.882156,27.065659,9.617847,125.14141,41.77946,4.919195,3.060606,2.661621,4.2761,9.129631,50.883835,104.16666,21.508417,3.7558928,4.848483,13.15825,19.281143,24.326601,55.124577,6.6026974,8.772728,8.183503,7.915825,8.809764,8.055555,4.5959597,4.1531982,19.444443,19.745792,12.796299,11.589226,11.867003,7.917508,4.8804703,6.8602715,84.10438,28.415827,6.234003,5.116164,5.1094255,5.567335,10.986528,35.329964,58.691917,10.622895,1.8063965,2.2323217,6.929293,14.681819,24.244106,40.62457
34.36566,13.338633,7.0651827,6.139904,7.10016,15.526232,29.920507,34.66296,26.966612,12.591412,9.109703,12.341813,26.764704,74.464226,67.960266,35.24324,23.298887,7.910965,5.2734547,11.715423,40.72496,90.120834,57.818756,24.26868,49.60413,19.63911,9.203502,6.6693163,9.023848,13.313196,14.260731,25.405407,21.721786,11.141493,15.308426,27.27981,32.890305,42.834656,47.696342,32.591415,10.697929,4.0810814,8.236883,21.99682,35.225754,100.43719,102.0652,32.206676,83.15104,26.833069,7.578705,4.9459457,11.693167,62.399055,64.20827,46.586647,100.6884,41.66137,15.709061,9.459459,10.122417,10.953895,10.341813,39.50556,20.387909,23.036568,45.12719,69.18124,36.343403,13.855326,10.427663,13.569159,8.83942,14.135135,58.335453,106.64229,56.23211,19.782194,9.658192,5.5039787,88.32114,50.311607,38.87599,34.69316,11.926868,5.756756,7.825115,31.17806,95.99682,32.162163,12.538951,8.559616,11.445145,13.820347,16.066772,48.017487,22.775837,13.18124,16.734499,25.459457,15.337043,11.54372,14.481718,18.721779,13.136723,13.81876,39.780605,78.117645,46.527824,17.513514,12.25119,12.670904,34.594593,30.691576,44.170113,50.16375,26.378378,9.960255,7.1955433,16.395866,47.131958,19.298887,11.235294,8.810811,9.422894,9.577106,10.931637,26.249603
59.75099,26.142292,24.816204,21.739132,4.8300405,1.4169941,2.245057,17.375496,58.6996,38.8498,86.06127,96.86363,8.407114,1.3320179,1.5336037,15.581028,81.6324,37.320156,55.003956,64.93677,6.70158,1.063242,2.4940643,37.442688,59.58103,18.551384,17.739132,23.387352,7.847826,1.4901199,2.1324115,25.142292,102.68182,44.075096,45.89724,48.45652,7.784583,1.098814,2.0750942,28.357708,117.075096,55.592888,77.78459,85.168,3.974306,0.45256042,0.9723358,42.630436,44.18182,41.357704,104.395226,107.21936,9.879448,0.9367523,0.9051342,10.539528,53.555336,33.54348,38.816204,41.071148,12.075098,3.377471,3.403161,17.673914,69.928856,45.021732,65.361664,57.618584,6.883396,1.2786541,1.897233,23.219368,103.047424,45.401184,35.37154,23.996048,4.432806,2.0158157,4.879444,48.998024,25.592873,8.337946,26.954546,46.60079,16.790516,7.501972,8.464422,22.70158,13.015808,9.100789,20.897232,35.06324,18.80237,8.85573,7.54545,10.662056,35.377472,16.45257,23.588932,21.501976,6.067193,2.003951,3.5355735,21.577074,35.89526,17.318182,18.359688,20.357708,9.764821,5.173911,10.237152,27.830036,16.335968,3.1264782,3.237152,10.731226,13.697628,11.071144,16.106714,27.247034,4.494076,1.4683762,2.948616,11.737154,12.835969,8.203556,9.869564,11.122528
96.01254,18.811714,2.2384944,1.6234298,3.2510471,4.7531366,7.4100423,30.09205,115.577415,58.64016,17.849373,6.677825,5.410041,8.518827,8.133894,30.092052,40.974895,39.397488,21.594143,15.301259,11.594143,8.3305435,5.054392,10.757324,10.824268,11.774058,10.707115,13.569039,11.853558,7.4267783,2.8702931,5.07113,121.150635,17.669456,3.338914,6.334729,9.330547,9.903765,10.58159,49.426777,141.52301,56.924686,13.581589,6.062763,4.2761497,6.372385,7.0376587,60.234306,41.213394,32.447697,20.25105,16.937237,20.19247,14.276152,6.962343,11.146446,13.665268,11.029291,9.928865,14.857742,20.276152,15.033472,6.949792,9.083683,114.23011,21.32636,5.510462,7.8410034,12.410041,9.912133,7.150629,40.03766,142.66946,31.297071,4.7907963,1.8744736,3.0543938,7.64017,14.95816,100.08786,37.033466,9.192469,6.200838,8.820086,17.878662,24.343096,28.209206,47.08368,12.451881,8.108787,4.351466,10.380752,24.368198,21.887026,13.7029295,15.945607,78.66945,14.058578,3.422595,5.138077,7.820083,5.0376577,3.430964,27.079498,123.51465,19.11297,5.6192513,4.8535557,4.0753117,7.8075294,21.995813,92.02092,36.464436,5.7949753,2.9246845,4.5690365,9.13389,21.983265,39.0,67.903755,10.410048,3.2803345,1.3807516,4.9330544,13.958159,19.079498,17.364016,22.066944
32.21252,18.74794,14.66392,16.003294,17.207577,9.757825,8.0345955,15.136739,83.082375,58.228996,32.578255,30.85997,15.914332,6.731472,6.166395,25.971994,29.85173,22.80066,31.72982,68.60956,48.73146,12.4827,7.685337,14.759474,28.63756,14.070841,13.762769,21.087315,17.594728,8.537067,8.505765,19.235586,57.680393,63.472816,51.92917,32.436573,15.019772,7.1696854,5.9028015,15.401978,95.44151,100.81054,60.31137,34.17298,14.46458,4.818781,6.1960487,22.187809,24.573322,27.176275,44.34267,98.665565,79.93741,19.40857,9.795719,11.540367,32.828667,22.018124,30.611198,50.934105,37.345963,14.644152,12.261945,23.591434,65.43987,36.436565,23.733114,15.210872,12.131796,16.413507,29.754528,51.13674,61.23888,36.815483,19.248766,11.342667,13.4645815,37.729824,81.24875,77.96211,18.421741,8.161451,12.807253,42.257004,67.91104,66.23393,70.09555,44.214165,27.161451,16.345964,21.729818,39.846786,44.734756,28.520592,22.650742,27.299835,21.420103,6.5782566,5.1466255,8.192751,15.169687,22.899506,30.67545,33.75288,23.733112,5.9093876,4.49753,8.378912,20.174627,44.486,79.62767,62.406918,31.499176,6.815485,5.1466236,8.942339,22.504116,42.07743,70.792404,66.13674,25.072489,8.4827,6.800659,10.25206,18.13674,20.357494,23.61779,31.668861
16.577938,23.931654,14.654676,6.0023975,4.923262,5.713428,9.449639,11.310553,15.514385,53.824944,83.68106,15.575541,5.0563555,7.2661915,13.624702,14.709832,13.508387,22.308151,88.604324,37.76859,5.2182264,6.593526,14.498798,17.004791,16.097122,10.555157,29.36931,21.384893,3.7769766,3.5359716,10.467625,17.648682,101.61031,67.09113,13.434053,4.7685843,5.348919,3.763794,3.6462822,17.298561,98.51439,119.18346,116.86333,18.797363,1.5491619,0.9544296,1.3812981,12.362104,5.497612,29.396883,128.37045,107.18944,7.7517986,1.4244537,2.3824883,3.2266197,9.726608,16.96403,99.30456,96.45084,8.629494,1.3633099,3.260192,7.3141556,121.07554,27.667866,7.817748,5.8848877,5.025177,2.1810513,2.0215883,39.34053,128.61154,37.18705,8.947241,3.2158318,1.7026329,1.7577972,5.937649,73.30217,21.402874,9.502398,29.43765,38.978416,13.550362,9.50959,12.745804,20.088728,4.1090965,7.293762,40.640285,63.53718,18.28177,7.4280586,5.544361,5.0311756,73.70264,18.742207,10.635494,6.532375,3.5371704,1.185852,1.4652276,28.068346,111.67625,19.59832,6.7422085,3.4040718,1.764988,1.7326164,7.690645,71.012,27.619902,6.7362137,5.047964,7.717025,7.8069525,10.471216,17.8693,28.61151,4.71463,3.3105488,5.0,11.609113,10.06355,10.59952,10.070742,7.073139
64.69056,26.524427,7.003257,3.8273616,5.3583064,5.358307,7.48751,21.230186,42.120518,42.257328,56.43648,55.248642,19.754614,5.438656,3.5179253,9.419109,6.1910877,14.450594,65.80891,89.438644,26.470139,7.8327894,5.0966263,3.9261723,7.4375668,11.185668,25.089039,35.241043,16.629751,7.631922,6.0358305,6.207382,112.71118,20.471226,3.805647,3.6340933,6.619972,7.3539658,9.530942,46.391968,112.498375,45.701412,33.476658,30.380024,8.553745,5.4516773,7.5526676,43.621063,6.8784027,14.05646,65.0923,97.5179,50.955482,39.76439,13.788273,3.6721,5.1519966,7.6525507,24.923994,62.991318,69.12596,46.07926,10.8881645,4.3550453,95.646034,17.995657,7.3604794,5.8295307,7.8241034,6.975025,10.977199,53.09989,97.82193,10.261668,2.2768745,1.9565697,3.8023834,46.534203,99.234535,99.95331,5.608032,3.0173798,3.995655,9.067317,28.578718,119.87947,113.63083,16.669922,11.224743,8.526598,6.4571114,10.520084,40.846905,93.17372,42.37568,10.834961,23.641697,11.692725,7.1454935,6.179154,7.716613,8.18024,13.06189,20.165037,16.407164,9.629752,7.8469048,7.530941,12.256243,42.118347,73.96091,34.495113,11.955484,15.926167,12.604773,7.628663,11.087946,55.72204,60.897934,11.714438,15.044519,14.9218235,10.623236,5.736154,7.201955,18.128122,13.510313,8.414764
21.769554,28.078209,24.944136,23.402237,18.506983,9.311451,5.839384,8.94274,24.310053,60.512573,72.7095,49.28212,23.734638,7.6480503,3.550293,5.7737446,18.435759,58.540497,85.455315,59.301678,21.92458,5.3421793,2.448326,3.5684433,20.622902,32.37151,33.917603,28.022343,19.287708,7.6131287,3.928772,5.525141,51.30866,25.62849,14.187151,14.10056,22.101955,32.67039,32.044693,36.88687,88.64105,60.949722,39.928772,21.670391,17.00838,18.261177,20.687151,50.888268,24.365932,34.751396,49.315643,47.326813,67.21369,62.35475,21.018158,13.687153,34.668995,25.321228,21.593575,26.42598,45.849167,39.69134,21.952515,20.694136,49.420395,12.727653,5.1676044,7.668993,24.705307,43.223457,38.36732,43.453915,103.52932,19.023743,3.4413452,3.2988796,18.776537,44.326813,47.410614,94.68715,34.421776,7.768162,4.2988815,10.2444105,77.76117,106.364525,50.66201,36.198322,58.939945,18.88268,8.0,9.9162,30.987429,43.262566,29.402235,39.410614,25.039108,9.276537,4.7625694,7.0740232,19.631285,22.013966,13.973463,17.47486,69.02794,11.361733,3.4902306,4.149439,19.060055,39.659218,38.51536,62.268158,38.752792,11.261173,4.893856,9.671787,48.58659,70.62709,31.336594,29.438547,50.079613,15.361732,4.9371505,5.7192726,13.9329605,16.255587,12.004189,23.392458
87.70869,11.378151,2.1624646,2.6918774,4.515406,2.6022415,4.714283,27.29412,97.11766,34.4986,11.201683,15.084034,15.322128,5.081238,3.9944096,22.338936,14.736694,14.644257,13.546217,40.134457,79.2325,18.17647,4.383751,4.8067284,7.2380924,4.7535048,4.3781576,15.708684,65.417366,24.142859,4.5658283,5.028013,110.36135,12.285708,3.7002802,5.873948,9.106439,4.521015,5.955181,39.708683,125.44821,29.229694,7.179268,8.92997,14.84874,6.4873734,5.5098095,52.081226,17.92997,10.229693,8.21567,31.87675,115.53502,54.86834,6.6498604,6.1176453,15.700279,8.843135,6.210087,15.52661,90.90756,45.610653,9.733894,10.439779,102.01121,17.851542,6.9299726,9.168066,9.929973,5.417362,4.0168104,27.54622,126.06164,18.635853,3.3809547,3.6414604,14.722688,24.64426,19.882355,70.2549,17.016792,5.5238075,3.9859943,17.607841,114.386536,81.46499,21.652657,19.868347,17.627445,10.882348,7.4117656,17.361343,81.57143,39.148457,6.498596,10.15126,63.985985,11.731092,4.1820755,6.5042033,6.344539,3.4033613,3.647059,20.369747,82.887955,11.120448,3.0084057,5.6050396,18.94398,28.795519,26.473387,51.10364,16.789917,5.876745,3.495802,10.574231,65.31653,66.52101,30.602238,21.994398,11.033617,5.2857122,3.4761891,10.543417,44.75909,24.728294,5.4341745,7.708681
5.4506416,2.914011,3.8550954,8.958598,7.757962,6.3964972,6.823247,8.334396,31.444267,7.2898083,4.649681,8.380575,9.320063,7.4840794,9.366245,23.60669,108.60666,33.96656,12.684711,6.5350323,2.8168821,1.777071,3.7993584,47.5414,56.140125,27.707008,24.770704,17.436306,5.5828037,2.1050944,1.84554,18.124205,7.921982,11.038212,25.058922,20.406052,10.310509,7.740444,7.114649,8.168789,27.222927,10.214966,26.652866,24.638536,12.468155,8.886938,9.668789,21.004776,127.04779,28.654457,8.046177,4.3025475,1.9570045,1.6273861,4.679941,81.49681,105.19427,28.5414,17.09554,17.179937,9.304142,4.0079575,4.850318,44.445858,23.265923,65.1465,92.2261,34.259552,3.5796185,1.4458599,1.394906,4.480898,11.367825,43.044586,126.396484,95.02548,5.6305714,1.2086029,1.0573273,2.683113,112.74364,76.35191,106.52548,48.242043,1.9203835,0.5222969,1.1496811,32.872612,108.031845,36.01433,14.05414,10.855093,9.07802,5.5891666,6.9299374,43.222935,40.106693,55.256374,45.821655,12.089171,1.7850351,1.3296185,2.7945867,13.952229,25.391718,42.584396,97.82803,56.028664,5.9713383,3.6942663,5.396496,14.633757,18.640125,41.136944,106.86464,66.202225,11.976112,5.5716515,4.7898045,7.100319,29.326433,24.590763,25.471336,16.886944,9.012739,5.3757944,5.8200607,13.372611
3.3665543,2.4295492,2.3459334,3.4341354,4.8831577,4.3150034,4.3734217,4.4180975,27.216496,4.7227917,2.6975918,3.0435238,5.3276043,5.416952,8.445593,17.985106,133.21188,10.9495945,2.5830421,1.6838436,1.2806435,1.3596802,3.9931183,70.38374,79.99541,8.702176,6.247429,9.366551,6.2760544,1.5486822,0.9851103,28.37114,3.1947289,4.430691,18.128298,12.9793825,7.9725065,5.64147,5.5234756,3.8682652,20.286373,8.639172,15.445587,8.366553,6.751442,7.552103,7.90493,12.414658,137.88087,21.276058,3.3940277,0.88659286,0.9473095,1.4306965,3.1191273,63.967926,125.84309,12.489119,3.5681534,7.5589886,8.9782295,3.9816694,3.2966814,38.491413,2.0034256,14.933559,130.89227,60.611687,3.3986225,1.1397438,0.9244003,1.0916309,4.486828,30.431845,137.2131,45.97365,2.4226818,1.3974819,0.9576187,1.1866913,119.09279,109.86366,117.70793,11.003442,1.0423813,0.7880821,0.80526733,14.100805,114.56471,44.49942,7.87056,4.4192476,7.363117,6.2313786,8.169533,22.953033,4.3253136,13.508591,95.579636,29.269192,0.78808975,1.1798382,3.7731972,5.1569366,2.8190117,20.898052,131.45244,32.27148,2.7617435,4.7800713,7.1615086,4.367695,7.789236,49.295517,116.65637,21.083618,6.82131,7.105379,7.5395107,2.5853329,17.112259,23.19244,17.413517,6.69072,6.467351,6.2611675,5.903779,5.1534863
58.53987,21.64575,6.4823523,5.3607836,6.759478,7.631372,8.584312,22.884968,67.41177,43.020916,28.150326,30.732027,17.596077,6.6627445,5.6771297,19.173857,13.032682,13.692809,24.381699,66.82222,57.810463,17.422222,8.126797,9.309795,17.684963,9.579085,9.512422,20.74902,24.560787,14.086275,9.243136,13.371243,98.29805,32.90719,10.309804,8.883661,10.764704,9.44706,10.416989,34.401306,110.80784,56.682354,23.20131,25.388237,13.887582,5.8810444,7.5032654,35.91242,13.329426,13.053593,27.32288,92.6719,95.02484,29.030067,9.633987,7.307186,21.441828,14.532026,17.104572,46.138565,56.284973,20.8183,13.172548,17.75425,87.11896,24.64706,10.26667,9.197382,11.598692,12.375162,19.594772,51.16471,91.6,17.737255,3.8444538,3.5947647,7.6993456,44.878433,101.56469,90.19086,8.117649,2.6496773,3.7450962,20.877123,62.73987,104.76472,108.499344,29.664051,19.288883,8.275817,7.7202616,18.430065,45.150326,53.820915,43.19085,28.322878,19.722881,7.0065365,5.0509815,6.299347,12.481046,20.985622,27.252289,26.628757,11.383007,3.5973854,4.9372616,6.0274506,16.2366,59.166016,100.10457,42.526794,14.471895,6.039215,6.2549057,4.9098015,9.2248335,58.976467,96.15686,35.92026,22.937258,8.643137,4.9908495,3.7450972,7.207845,21.02353,33.328106,27.84706
14.519556,6.653631,5.846369,10.094972,17.893856,15.756983,13.634078,12.916203,57.346363,11.910616,4.955305,8.871509,18.787708,24.488827,31.27095,47.178776,97.02792,24.170391,8.287706,6.6592197,10.008379,18.77933,37.96089,78.223465,35.28771,15.234637,12.592179,16.402235,23.71229,20.888268,22.106146,28.935757,12.796101,11.997206,15.555866,21.195532,28.357542,24.921787,16.977654,10.95531,30.393852,11.192732,13.055864,17.10056,29.131287,31.198322,32.44134,33.969273,91.29889,23.877094,11.6257,3.608944,5.572628,16.256985,60.170383,105.40503,53.70112,16.81285,12.9664755,10.365923,18.240223,39.43296,67.47486,72.089386,17.865921,24.58659,30.083801,26.734636,27.410614,21.139664,11.044693,8.723469,25.047478,60.58101,66.17597,39.06145,27.79609,15.536314,6.2793293,6.340782,65.13129,105.93576,92.7542,24.240221,7.349165,5.136875,10.893858,23.410612,40.60056,52.798874,68.843575,37.79888,18.843575,17.689941,22.586594,26.505587,24.860336,28.681564,24.449722,15.698323,14.226256,10.765363,6.547486,8.438547,54.259777,68.8324,54.215088,29.980446,18.913406,10.555866,9.173183,17.298883,60.544693,76.66481,57.413406,27.55307,18.561451,17.681562,18.628492,27.226255,14.966482,21.03352,31.078213,28.243015,28.488821,24.125698,16.513966,12.293296
102.259995,19.105331,1.4906664,1.178668,3.413331,4.7106667,6.2213306,23.622667,113.52269,39.062668,6.310667,2.8533306,3.1653357,2.0653362,3.1666737,22.6,16.082663,15.018666,13.279997,10.568005,11.374668,7.553335,5.5186634,5.9680023,3.4986687,4.9506693,6.716007,9.018665,13.612,13.686668,6.292,3.7960014,126.95332,20.948,2.5320044,2.803998,6.862664,4.3306713,4.7493362,37.510666,126.88669,33.18,4.237339,2.9386673,2.37467,3.5399857,9.40267,49.888,15.404018,10.48533,10.277327,9.700003,17.617332,50.881332,31.661335,9.14267,3.4373245,3.5453396,4.4440002,6.6053333,22.678669,83.420006,48.012005,7.3200016,100.916,12.717331,4.6306686,4.934664,8.053333,5.114665,11.929334,73.65066,94.10133,5.9760017,1.3346672,0.9920006,1.5373287,24.978668,119.36401,122.71064,4.4226646,2.8480034,2.5133305,1.6639996,9.265335,123.29465,129.59732,22.655998,9.090656,7.821331,4.173336,1.8346653,11.063997,105.920006,91.25601,14.997332,16.83334,10.078667,8.634668,6.4653344,6.465335,5.766667,11.58,25.93067,15.545338,13.805332,12.418671,7.349333,5.264002,17.937332,79.99867,48.836,8.618664,16.581333,15.216,6.316001,5.585333,39.945335,79.64933,15.837332,11.004005,15.4853325,11.456,3.7506652,3.6986656,16.949333,21.677332,9.350665
88.93182,37.47979,2.3257565,1.0252533,4.8409095,13.247474,10.934343,21.128788,69.07323,35.909092,3.828289,3.4646454,10.585859,79.863625,53.535355,24.204546,27.641415,9.656563,2.8964577,2.4949512,7.4494953,72.15656,100.04545,54.101006,30.292929,7.5429306,2.8383894,3.4621239,8.010103,12.916667,30.25253,44.44698,88.843445,28.580807,3.310607,1.8838387,9.404042,53.005054,44.154037,39.030304,32.51262,8.868685,0.6893921,0.6388893,12.984848,124.850975,105.22223,27.272726,74.431816,4.681818,0.34848404,0.28030014,2.136364,67.70707,97.05556,97.31061,103.52019,9.863637,2.0202026,2.7146454,7.0277786,10.5202,28.11111,94.0985,19.780308,7.6792917,5.174246,4.997473,14.823231,53.583332,36.97475,15.338385,9.429283,6.590906,5.234848,6.257572,14.017675,63.732327,33.593437,8.174244,83.42676,14.570707,3.18182,2.0656567,2.2298012,6.484852,12.181814,48.416664,115.07323,18.825756,1.5479794,1.4621162,5.568178,12.012625,15.542929,68.22475,3.818182,5.5252533,6.5858583,6.6161633,10.787879,12.795454,5.1212125,2.2626247,10.128788,12.45707,11.4974785,10.156567,10.563131,7.9191923,3.378786,3.8232307,51.704544,24.42172,9.020203,5.9949493,5.2474737,4.1388874,3.8939362,13.967172,85.07576,25.982323,2.621211,1.2777777,3.3232336,8.065657,9.598483,24.272726
7.3322124,3.5620775,6.610738,27.812084,33.842278,13.914429,9.84396,10.097317,31.645971,6.273489,4.8808727,13.654364,21.0,16.397652,24.446308,42.66443,81.83892,15.657718,7.865774,8.9681225,7.50671,7.209731,18.327183,65.15268,45.281876,18.097315,14.307048,14.468122,11.263424,6.191275,6.233222,22.585571,11.505043,6.7063713,19.684565,86.40102,63.083893,10.548655,5.949665,9.093964,22.907719,6.575508,14.323826,61.13255,48.09899,16.451344,19.10235,28.973152,114.000015,29.889261,8.768459,6.411064,5.7667828,6.0754967,15.152685,81.07382,93.384224,33.991615,18.335567,18.770134,14.823825,7.253355,6.9328866,38.746643,21.471478,13.536913,26.75,83.526855,48.51342,8.486575,8.422819,16.833895,11.897648,38.13255,105.256714,105.239944,35.83725,4.1342297,2.8305378,5.2751656,86.9312,109.357376,108.419464,26.17953,2.706377,1.1593971,1.8791924,17.370806,82.88255,68.332214,35.56879,20.399328,10.535233,5.6124153,5.3489895,20.812082,24.87752,18.152685,19.411074,28.328857,14.5016775,5.276845,6.6778517,15.921141,37.796978,56.25,86.01677,38.021812,7.3640947,3.8708029,6.6426144,16.741606,24.065437,73.602356,94.865776,27.417786,8.100669,7.7885876,8.06711,9.456376,16.48658,27.246643,29.763424,21.604027,12.857383,9.555368,7.0285215,7.7718124
18.279484,23.865211,17.053518,18.724482,18.273537,7.250742,3.7770061,5.293358,29.3885,83.031715,76.38356,31.188305,9.889992,3.8364716,2.8473797,4.2745266,17.071356,39.09118,79.65314,74.005936,18.214073,3.4291382,3.2120857,5.6808796,24.235874,21.916752,22.57681,27.105053,14.717543,5.0614476,4.272547,8.6977215,69.01091,35.70267,17.059467,22.709614,25.674927,14.597622,8.847374,19.385532,112.592674,97.857285,49.646183,26.837463,13.373637,5.201174,5.2874203,28.97522,20.325089,31.559958,56.475723,99.79683,89.11695,21.81665,6.0802746,7.419239,31.46184,22.501488,21.860256,49.465805,56.41526,17.94648,9.578792,16.009914,63.38652,14.106045,9.730429,15.775022,26.889992,23.336964,16.90783,39.579784,113.380585,17.980179,4.140732,5.231907,14.055498,27.485628,47.146675,106.0981,20.441029,4.7393494,4.2824593,21.894943,87.96036,99.21011,63.331024,36.00297,28.292364,10.478687,8.017841,19.268581,57.89198,45.31516,25.718534,28.724482,18.914772,6.240834,5.432109,9.637264,19.376614,17.381565,13.298314,20.995045,35.014866,4.8582726,3.4301243,5.149645,12.914767,31.960358,64.64717,76.74332,13.980179,3.7056465,2.9246845,4.099105,21.099106,73.05252,76.905846,37.269573,21.227951,6.0525265,3.646184,5.0713563,14.324083,23.341923,22.426165,25.420216
20.006123,14.493107,9.499234,6.2496185,11.309341,27.450228,27.84227,20.90046,11.459417,9.525265,8.822359,14.338438,56.229717,84.74732,37.335377,12.513017,76.914246,17.928024,6.1332264,7.814701,26.385914,35.80858,23.493107,42.335373,50.869827,20.415007,11.490047,13.601837,11.678407,6.208269,4.4379787,17.825422,15.692196,8.418065,8.382849,8.431852,19.434917,66.03829,68.01531,32.776413,13.088814,5.4425735,8.675343,11.8637085,37.275654,105.963234,72.70903,21.736599,115.55285,22.384378,4.6569633,3.7365952,10.554363,28.704443,23.38438,73.920364,92.421135,21.300156,9.136292,14.407351,18.114855,12.532923,9.81164,41.082695,11.811634,33.16539,72.42879,45.66156,18.727413,22.635529,14.710567,7.704445,9.695248,27.817764,107.644714,83.4043,17.8683,19.808577,11.411943,5.174572,103.37825,56.358353,65.50843,35.479324,5.8682995,3.9188309,5.3170013,39.805515,87.94946,21.581928,7.7886686,8.794793,13.989276,13.399693,15.635529,48.84227,22.134766,33.344563,49.33844,23.278713,5.5666156,4.283308,7.0781,9.7902,13.86064,25.543646,90.47625,70.2634,15.107198,7.6447153,9.813168,11.15926,23.052069,32.641655,73.36447,68.92037,23.038284,7.9127083,5.92955,8.433384,34.381317,20.082695,13.479327,13.159265,10.898927,7.2588053,8.892802,16.540583
108.097,7.131338,0.39403248,0.50149155,1.5193987,2.1805954,3.2089539,35.082092,129.33582,12.553724,1.80896,1.4626884,1.4432774,0.7522392,1.246273,37.54179,11.216408,4.658201,4.8820953,5.476118,5.9029894,3.952241,2.7880497,3.8089676,2.2686577,2.2283535,3.9671707,4.1328363,3.747757,2.983581,2.2044783,1.5970163,132.61938,11.867161,1.1865692,1.371644,3.8626919,3.152235,1.9865646,29.57612,138.37614,19.8806,1.1985092,0.95075226,1.2626953,1.455204,2.8806114,36.84925,15.332851,5.0402985,4.1074524,4.8805847,7.0626926,15.570148,23.132837,5.9895744,2.453724,2.1820908,2.9462662,3.7791004,6.041786,24.049252,40.143288,4.1552277,122.26863,15.671639,3.047758,2.5223942,3.7283535,2.3537283,4.877615,40.688065,133.07317,10.907464,0.2164154,0.1776123,0.39402962,34.156708,116.47315,96.546265,3.6223793,0.53582764,0.3209057,0.48209763,1.7492523,113.98656,138.99551,11.526873,1.6970062,0.8761101,0.39253807,0.32686806,1.85075,85.63135,136.22835,13.838802,22.72687,5.7746267,4.452235,3.5014906,3.45224,3.8805952,13.814926,26.044779,12.762688,3.026865,2.6955128,3.4193993,3.2253752,37.85373,119.19403,41.883583,2.7850838,3.5253658,4.5238895,2.4134312,1.9776173,57.413425,111.86717,6.423889,4.167156,4.0970173,3.6402993,0.9537287,1.1104422,22.280598,53.740307,7.376114
46.216385,18.023182,6.4837713,6.0865526,15.808348,24.242657,16.820711,25.058735,34.205563,12.734154,5.7140694,8.029369,41.40804,86.61668,50.018547,32.420403,71.36785,12.918082,5.0077305,5.9319973,19.432766,45.338478,49.958267,76.28439,27.443584,10.253477,6.856265,11.211748,23.896446,29.476044,19.94281,23.80062,49.921177,17.548685,6.9304485,10.103558,37.16074,52.669243,30.799072,36.251934,27.517773,6.89645,4.2720222,9.944361,72.571884,106.87325,50.40649,29.839258,106.28749,18.227201,3.5471458,3.533226,17.879448,42.207115,44.899536,96.82071,46.738796,11.842351,5.233383,9.814529,28.760435,51.384857,47.086563,47.332302,28.703249,22.706339,20.097374,27.72334,47.3354,35.2983,18.945904,16.99382,20.646057,27.576508,42.01391,49.94745,67.27202,48.123653,13.43277,8.48378,91.94435,59.69088,31.570326,18.321484,16.591963,13.619785,15.596598,40.72952,47.38022,27.38949,15.548686,18.590416,27.752705,26.715609,25.860897,28.669243,19.098925,29.91035,31.554869,27.53323,20.800617,7.905719,4.911902,6.2102003,16.061823,52.06801,81.60278,59.432762,26.114372,7.7805243,3.567234,3.8856316,32.423492,63.247303,71.70324,44.349304,22.061823,8.020094,5.4296703,6.877898,22.772799,27.933538,24.081917,21.519318,22.264297,10.887172,6.510045,8.072643
29.760193,17.508392,5.472422,3.4076748,7.2517986,15.84892,12.657075,9.261393,31.482014,23.386091,9.390892,6.6211042,10.2182255,15.407677,12.748203,13.616306,15.817741,19.764988,14.812946,15.764989,15.784173,8.3117485,2.3621082,3.621107,6.896879,9.729017,9.112713,9.501199,15.582735,10.318945,2.2925673,2.6402893,50.258995,15.282971,2.5371733,1.4100733,13.292566,67.57315,56.76979,37.73861,96.66907,25.19904,4.3621044,2.0287724,6.4868126,26.390888,33.292564,58.460434,26.80576,14.637888,7.2374115,7.0215797,21.916067,48.760193,23.983213,11.623501,16.81535,10.4532385,5.8417244,8.937649,22.64988,31.007195,20.97602,12.673863,77.72902,11.143885,0.81295013,0.77458,19.77458,79.54677,48.889698,45.64509,124.179855,20.736212,0.6642685,0.48920822,9.947241,76.67146,51.697838,80.558754,46.254196,5.7769775,0.9328575,1.2134323,23.501198,114.812935,84.97362,46.858513,55.146286,10.80815,2.2829742,3.3860922,15.805755,48.110313,42.70983,47.44365,59.815346,9.832134,1.685852,1.6738625,12.877698,34.050358,14.594724,22.256594,88.29016,9.764988,1.0647488,1.4820137,14.565948,92.58273,65.19185,55.326138,66.31415,12.940047,1.5779343,1.5707436,17.906473,96.03837,52.148678,43.56115,62.94965,13.810552,1.7098312,0.9232607,7.6139092,29.817745,21.278175,31.865705
66.27559,20.209972,5.939633,6.6063004,5.241469,3.540681,3.244091,18.228346,71.21785,46.136482,33.328083,38.385826,16.845144,3.7690334,2.997387,15.9973755,14.782148,13.448816,24.916012,79.023636,69.27559,7.43307,3.1128616,6.5826817,12.209972,4.958007,5.517065,26.677166,35.653534,6.6850395,4.1889777,9.031496,101.33334,15.619419,3.9475088,7.089237,7.8661413,6.755905,7.8005238,39.61155,120.488205,46.82152,23.454071,27.973751,14.005252,3.6115303,4.401581,41.93963,17.133865,15.044619,20.590548,100.412056,108.099724,11.43832,3.4829292,5.643051,15.270344,9.170605,11.060366,58.669292,72.33332,10.853017,6.506565,11.82415,98.6483,16.307087,5.1233597,8.391079,10.624674,7.3700743,5.548558,30.992126,127.02101,24.16798,4.895014,5.813652,10.349083,6.7585297,7.4068203,65.64829,25.215214,6.8005238,9.488192,71.7664,96.96326,19.293966,10.220476,19.165354,9.748024,8.12598,13.0026245,71.95801,88.09448,11.939634,3.7611542,7.900263,65.5013,11.141733,5.08924,7.4251976,6.6377964,3.2729654,2.1391063,18.847769,110.070854,14.6640415,3.6220493,4.144352,6.8451433,7.4304495,10.328083,62.858265,28.698162,5.577425,4.8372726,20.451443,56.64567,23.839895,14.944883,30.519684,4.7349167,3.5065603,5.8818893,34.341206,64.95801,14.485563,4.0498724,6.08136
22.845545,7.7247505,2.7881193,1.9643555,6.3861394,39.851482,66.241585,38.25347,18.683163,5.5999985,2.980196,3.0475254,11.956434,84.021774,112.7505,48.5604,58.768314,7.5999966,3.4851494,6.3168373,23.48911,55.91485,88.099,81.44159,24.170296,7.7326727,5.1505003,12.669308,55.15049,42.198013,18.00396,19.738615,13.271294,3.6772213,2.2455463,4.477227,20.429705,58.22178,65.08516,27.30297,20.217823,3.6376305,1.9089088,4.136635,15.320791,72.9406,91.17624,32.89505,120.63962,19.382177,2.7128716,4.281185,18.600002,27.000002,44.615845,89.53267,57.027725,11.841584,5.687128,18.708912,86.077225,60.74257,19.752476,28.996038,12.9108925,10.576236,9.865349,13.554453,26.944555,22.457424,11.247524,7.851492,29.617817,16.574257,13.930695,21.100986,23.560396,15.461389,8.564356,9.00198,122.07724,41.49307,8.083168,8.150492,20.011879,15.106937,10.641581,46.0297,49.96832,14.225742,7.7742567,19.746532,78.67326,53.099014,17.366337,21.316833,12.366341,12.79802,10.7029705,11.522772,15.976238,6.394059,2.8891087,4.166336,26.669304,26.98416,22.914852,22.855446,21.283169,6.550496,2.8435612,6.168312,86.043564,40.837624,16.82178,13.168316,20.932673,13.3188095,8.534649,22.160395,26.99208,11.08713,6.637624,12.714851,46.798008,25.746532,8.40792,9.481189
18.810478,29.02311,21.617874,23.724194,18.067795,4.9768877,2.523878,4.018491,21.241909,82.30817,109.50078,33.82743,8.8906,3.7842884,3.2388363,3.3713398,9.095522,48.041603,123.462265,54.702625,3.4406767,2.0955296,4.2573185,4.1972313,14.713406,37.419113,82.73959,35.66256,3.3466854,0.79661083,2.550076,4.395994,76.96303,36.58397,17.2943,30.003082,27.414482,9.630199,5.4391346,16.845919,123.645615,101.508484,72.62712,17.66564,4.7734947,1.762703,2.1355934,28.52388,14.54084,42.496147,114.50073,66.4114,11.493066,3.9337368,2.684124,4.1802673,12.300461,34.528503,86.844376,54.454548,12.787367,3.1355934,2.4483824,3.8428402,72.3282,15.429893,11.753469,29.718027,32.849,12.85362,7.402158,27.451464,128.64716,18.620956,4.714945,6.0785847,7.1479187,4.0970745,7.644066,91.31125,37.38828,8.841293,9.91217,16.100153,22.155626,17.508476,18.072416,32.212635,14.819721,8.54545,11.919877,18.023111,20.568563,13.309708,12.123268,13.362092,31.18182,8.639446,8.922958,20.801233,22.278893,7.845917,4.5007706,15.918335,110.12789,13.61017,6.506937,10.349769,8.027735,4.2773514,8.571646,73.48999,43.032356,5.8151035,2.416027,6.052387,14.711863,16.292755,19.94915,42.261936,11.426809,4.3174105,2.4591675,6.411401,12.057011,11.733436,11.201846,13.409861
6.281767,1.839776,3.0220995,10.861877,12.9134445,6.572743,5.6206217,10.4033165,16.156538,4.036833,3.408844,10.224679,13.650091,9.316761,10.834259,23.19337,33.036835,16.845303,20.03683,20.716393,8.813997,4.558009,7.3001804,24.690607,20.896868,9.732965,19.688766,25.77348,8.322285,2.44199,4.314916,17.957644,16.355438,8.653772,16.904238,30.176796,17.440147,6.8545113,4.806631,12.344381,25.620628,10.265194,21.3628,39.320442,18.333334,5.355425,5.731127,15.69613,105.736664,47.053406,35.856354,28.19521,4.4880295,1.322279,3.1270714,40.379375,52.876614,31.471458,62.19889,85.14734,16.696135,2.1436462,3.2946615,20.471455,54.755062,29.03683,33.977898,39.333332,11.791896,2.928172,2.6427279,19.357277,41.55801,37.237568,96.3591,101.12338,13.189689,0.74769974,0.6703434,10.539589,120.530396,60.340706,72.44383,66.812164,4.8489895,0.35359192,1.0699768,40.346222,94.46225,32.300182,43.488033,82.61695,25.70718,3.4806633,5.220993,36.07366,62.462242,22.088398,18.303867,23.76243,6.169429,0.9981594,1.955802,25.423576,83.94107,43.519333,69.464096,74.90608,10.38674,1.2007351,2.5138092,39.073666,66.98895,49.34807,91.62616,92.25044,12.125229,2.0147285,2.7421703,18.237568,58.89503,21.89871,22.316757,42.639046,17.497238,3.6611385,5.0791855,23.125227
12.093641,10.250883,8.298586,14.45583,28.828617,19.017666,8.0159,7.810956,24.174908,8.323317,5.8851643,14.5954075,38.651947,31.32332,18.492935,19.844524,95.35864,19.448763,5.420498,5.618376,8.348057,11.183745,14.6448765,52.371025,57.604237,19.712015,11.908129,13.856892,13.89046,7.1855125,4.726149,20.904594,17.620148,13.061834,10.151943,21.134277,48.729683,33.26855,14.568905,12.802122,18.512367,6.62191,8.738514,24.09894,64.73145,46.777386,19.627209,16.931095,118.227936,23.978798,5.842762,4.5918694,8.098942,9.989398,14.185512,76.4099,92.60777,22.11131,11.621904,15.743817,20.662544,16.432861,14.90106,50.118378,18.042397,25.4735,29.67138,26.75795,39.701416,25.003532,12.616609,12.120144,11.4823265,57.31095,109.54945,53.111305,37.123676,17.240284,4.5954113,3.8604317,90.15016,67.18905,102.065384,38.28445,7.9028263,3.0477028,4.9469986,35.007065,79.82862,22.284452,16.178446,14.526501,17.901058,17.111305,22.540636,53.335693,34.756187,52.266792,40.507065,14.415194,8.107773,4.3056536,3.8197885,9.206715,35.012367,91.436386,106.18729,30.620142,7.807421,5.3851576,6.978796,12.349823,12.279152,36.56007,102.694336,80.30917,30.754416,13.586576,8.137804,6.1572437,23.393995,15.074204,30.270313,35.699646,22.15548,11.646643,8.0441675,12.893993
8.053013,5.055416,4.520484,23.002413,54.23613,19.6,7.404816,6.9301205,18.79518,5.380718,4.7710934,16.710844,53.35422,38.95181,23.901209,26.375904,95.125275,13.031324,4.6048203,6.62891,12.0,15.807229,17.35421,56.23133,75.76868,15.865062,5.272295,6.2554197,8.19759,3.718071,2.5518088,23.609638,17.530125,8.718067,8.920485,49.330112,86.515656,22.850601,5.961447,11.6265,18.228931,5.2192764,5.426512,42.8506,95.60002,45.39036,17.898802,18.934937,121.36145,23.26265,4.089142,4.467457,12.050601,14.081929,13.713249,64.332535,107.9229,21.843374,6.4481926,8.706022,14.132528,6.7469864,4.2096395,36.36627,20.320488,9.722888,8.359031,40.824104,83.734955,26.301203,8.240967,15.681926,14.954212,15.142168,16.412048,64.33253,105.99521,28.515665,5.28916,6.387932,119.19037,41.00964,16.730122,16.12289,13.701206,4.373478,4.0361404,41.031322,113.903625,17.85783,4.2072306,7.607232,13.096382,5.419281,4.5927715,43.754215,12.886753,6.091568,4.674696,21.821688,51.95661,17.951805,5.833734,8.954222,16.874699,17.014458,18.395184,50.648193,70.462654,16.043373,5.0819263,8.072281,84.71568,37.701202,21.619278,22.780722,15.6939745,5.489151,3.7228775,18.896383,88.05783,18.368673,4.4771075,4.195179,5.773491,3.0554218,3.3445768,23.609638
22.848705,8.057635,5.134005,9.690202,22.59798,20.252161,14.317002,20.731989,21.259363,4.5951004,3.4077778,11.216139,49.77089,54.75792,38.642654,37.77522,71.71613,10.902016,5.3904934,10.155626,16.76657,19.122477,26.603746,72.08502,29.510084,10.400576,8.159948,16.73343,22.06052,12.821326,7.651296,18.890491,30.459663,14.381843,11.51585,22.4683,47.152733,28.433718,17.340057,25.328531,24.527378,5.229103,5.4049034,31.35735,93.70031,64.13399,26.115273,30.053312,116.57638,18.439482,5.0144005,7.987032,15.971186,14.769451,18.13545,93.79395,63.152737,19.397696,12.645532,22.76369,30.208935,18.008646,12.177234,35.096542,25.328526,27.678673,40.02738,52.783867,38.979828,11.935157,7.5475535,12.244965,17.285301,26.072046,66.55331,99.45531,74.97119,16.860233,4.3011475,6.832855,109.92363,91.58502,61.707497,28.818443,10.596548,3.1123924,3.0979805,31.589336,67.37608,48.072037,29.344378,26.662823,21.329967,9.180115,6.479826,20.16859,22.002888,29.319885,41.159935,35.246395,10.850143,3.2665715,3.2089338,7.815564,16.040352,49.324203,103.626785,78.397705,13.204611,3.0677242,3.772335,5.4783897,25.68732,90.06915,105.50433,41.01873,7.5432253,4.48847,3.7118092,4.0878944,18.90202,35.45101,34.533146,25.347256,15.92075,6.8818436,3.8198872,5.5590754
65.46667,14.287999,5.6293335,11.325334,26.768,11.831999,6.746666,24.301334,23.064,6.143999,5.3386726,18.792,76.85867,56.584,26.034668,20.560001,38.797333,6.16533,5.3866634,8.821337,24.421333,30.114666,33.122665,42.437332,28.394665,5.8320007,5.4826717,8.229334,17.952,15.746666,16.008001,22.458668,98.693344,16.703999,4.8480005,16.693335,50.210663,24.407997,9.607997,39.92533,25.389332,5.3600006,4.040003,32.54667,112.04001,64.96534,18.744001,18.20533,55.933334,12.946667,5.800007,7.114668,20.224,20.850668,27.602669,48.36,47.418667,12.482667,7.4240017,11.464001,21.504002,17.786667,19.082666,30.893333,93.05867,25.304,14.010668,24.533333,41.344,15.618666,7.4160004,31.773335,26.525333,21.592001,52.30133,83.51466,98.30667,24.858667,5.104002,8.709335,41.045326,55.496002,76.536,31.802666,13.386665,5.3146706,6.655998,15.789334,39.533337,37.749332,46.06133,25.447998,15.176002,7.6293335,7.6800003,14.928002,65.87999,32.384,23.984,17.570665,9.890666,3.637333,3.3786674,17.610666,36.066666,46.81333,88.00267,72.33067,25.832,4.525338,4.8773327,9.8880005,14.922668,61.50133,109.871994,53.29333,9.058665,3.5093288,4.349329,3.3013344,9.954668,31.493328,70.89867,36.72,12.104,3.626667,2.8639965,2.4400024
4.210432,3.2226057,4.8973913,10.241739,8.993042,4.6365194,4.598258,5.5408688,25.410435,4.7843456,3.8208733,7.5704346,7.0052166,4.8278255,8.123482,23.605219,120.76694,10.426085,4.0452156,4.3634796,1.822609,0.9860878,3.9165134,80.22784,78.70261,10.0921755,6.4034834,12.429566,4.0278244,1.0313044,1.5321741,35.34783,4.0695724,6.617386,46.03131,72.08696,13.954782,4.0991287,4.0921726,4.4226036,17.40001,9.765219,27.890434,33.812176,10.328699,6.041729,6.9791374,12.506083,129.62088,43.59652,8.083471,3.6347733,1.542614,1.3130398,3.3686886,53.8,123.5026,27.554783,5.4660854,9.706087,4.921736,2.3182602,2.9913044,34.970436,19.344341,14.688694,96.62781,111.2226,8.921739,1.1391296,2.3269577,11.271309,5.0086975,32.20522,131.61565,112.332184,6.069565,1.1426067,0.9895649,1.8330383,89.99999,126.92,116.243484,15.194781,0.89564896,1.0539055,0.94608307,6.266094,89.793045,69.450424,14.420871,6.090435,5.156517,5.3026047,5.137388,13.772172,25.641743,10.706088,26.14435,22.326958,4.615653,2.5982604,6.5704346,26.333916,13.288696,20.52174,93.14261,43.15304,5.953045,5.3582582,7.3095627,16.911303,12.652176,52.88174,81.238266,16.201738,5.373912,6.926956,7.389559,10.805218,11.060869,20.092173,12.542607,6.8834763,6.2886944,7.184348,6.3321743,8.471302
19.560926,29.108315,29.319149,17.746616,10.0232115,5.4738865,3.3288193,5.7504835,18.39071,48.920692,71.36751,42.321083,14.036749,4.686653,3.682785,4.767893,27.01934,24.439072,52.284332,71.216644,38.375244,7.1141186,4.5067654,8.539646,67.61702,19.928432,8.473891,15.1141205,15.760156,4.719536,3.8027077,16.93617,60.367504,50.709858,33.195362,15.81238,10.150871,6.8239822,6.7504826,19.423597,41.19729,67.37911,68.853,31.731142,12.046421,5.8897476,9.025143,16.259182,20.208908,19.439072,43.99613,92.84526,103.543526,25.08124,5.686659,6.644108,96.95938,22.895554,8.829786,28.3559,51.702126,12.70406,5.3017416,29.319147,57.694393,14.667312,7.6286297,7.98839,10.493231,16.965183,37.926506,59.758224,35.49904,14.475821,9.1624775,5.34429,11.152806,35.615086,85.355896,72.02321,15.99033,4.2862625,4.462282,21.500965,101.647964,98.624756,58.340424,20.94197,91.193436,14.5706,4.098645,11.967115,51.47002,29.765957,12.626694,42.392654,16.872345,3.7872343,2.7794971,5.55319,12.909091,21.719536,36.20503,30.116053,15.9671135,3.4835587,3.8007774,5.1721478,13.168278,43.874275,84.013535,50.53578,19.669247,4.541584,3.7659588,6.1586065,32.725338,72.40038,64.51643,28.390715,58.34236,9.837523,3.1798835,4.5319147,14.415861,13.673115,10.096711,29.311413
18.851227,24.996115,17.258732,4.76714,4.0866723,3.11384,4.3544617,6.137128,8.573101,41.787838,120.44243,22.205694,3.796894,3.0362206,6.66753,4.5627403,2.0594978,16.077618,127.50583,27.368696,1.4113894,2.082796,7.9210796,5.29109,2.8163052,17.3881,91.84087,16.19793,0.48770523,1.0310469,4.992238,4.5808554,124.27684,38.385506,8.705047,2.9818888,3.928852,2.7865486,2.9883537,25.992239,129.33249,96.23804,129.59639,18.406212,0.26262474,0.20566559,0.5873375,22.297543,4.0724564,22.455366,141.90552,49.684345,0.8939209,0.8175926,1.5265121,1.5834618,1.3971558,25.099615,138.55118,36.460545,1.4488926,0.7697277,1.350585,0.92497635,126.987045,8.228975,2.4825306,3.864174,4.7076263,1.9728327,1.1694708,36.06986,142.2316,13.952138,3.320816,0.85252,0.5963764,0.7115078,1.8292427,73.58602,21.512287,5.759388,18.830528,7.2923727,4.558859,5.2677803,7.96636,12.697292,3.1435928,3.785242,19.633894,7.6131973,4.3415337,4.9831753,6.8072433,4.750313,79.88746,9.570507,3.9404879,4.739973,2.8370008,0.8072424,0.64942074,19.8577,139.40103,14.968953,1.6597576,1.0970211,0.66235733,0.54333687,2.5058193,56.033638,26.76714,3.15135,1.9844894,3.112547,4.504532,5.4256096,8.20051,14.313069,3.094431,1.179822,1.730917,2.2548475,3.347991,4.530403,5.6688223,4.6662264
7.276766,3.0222178,2.189899,5.60404,12.9899,8.961615,8.347475,8.420203,40.246464,5.0828247,2.5636406,4.8242416,12.557573,13.036364,15.3899,29.323233,108.17171,17.81212,11.103025,22.48687,20.064646,6.9616146,9.141413,52.678787,25.296968,7.539393,10.375761,38.16767,48.589905,9.555555,4.7555556,13.755556,11.145458,6.006054,8.226262,15.511112,21.353535,10.296968,7.4222183,8.614143,35.773735,7.7232323,7.9030285,12.662628,16.79596,11.381815,10.29899,19.393936,129.42828,21.00404,8.597984,18.941412,18.901009,5.2727222,6.242424,80.41818,57.543434,13.977779,15.75959,62.52324,74.60808,15.412121,7.6707063,25.298988,11.129292,20.624243,67.92323,45.349495,16.09697,2.9050455,2.6747465,5.23839,14.282825,32.656567,97.83232,44.74748,10.713131,2.8505058,1.9535313,3.7919197,124.3394,74.307076,61.84445,19.941414,10.991915,2.0060577,2.7434235,42.218178,73.961624,27.274748,21.620201,58.486862,61.042423,9.838385,6.8262653,24.434343,13.264652,34.48687,88.587875,37.991917,3.953536,0.7676773,1.4323225,5.454545,10.321213,53.04444,126.529274,48.242424,2.5272703,1.3595924,2.6525211,4.0707016,36.4,78.7495,118.58183,38.45051,6.636362,2.7676735,3.1737328,4.545456,26.07273,27.775757,31.498997,38.444443,24.161617,4.69899,3.167675,5.9616146
23.109062,13.130871,9.466442,6.508389,9.583893,19.7651,28.090603,22.627518,22.973152,13.696306,11.931206,8.800336,8.95973,42.38255,89.86243,41.08725,13.043625,7.736575,10.535234,12.42282,16.268456,44.38926,97.37752,46.91443,16.065434,5.9412746,7.4412804,10.4815445,16.385906,22.036911,30.72316,26.770134,20.392624,10.352346,7.9010053,16.573826,55.035233,62.392616,37.43624,20.332214,6.1660957,2.0872536,1.827179,9.137585,51.011745,103.57213,113.93121,29.236576,66.68792,9.583894,2.1325607,1.7365761,4.602352,37.365772,114.20303,96.76845,83.080536,18.74329,9.617449,9.552013,12.892616,13.60067,30.248322,65.35235,16.04866,9.330538,8.501681,34.526844,84.656044,41.30201,14.157718,12.025169,9.847317,7.187916,9.773487,46.38255,97.53691,43.632553,11.251678,5.531872,106.469795,37.359062,8.949661,8.268455,7.877512,5.3523483,9.454697,37.709732,110.243286,31.996647,10.783557,10.775164,11.249996,7.4295273,7.1946297,36.753357,9.302015,4.6057053,4.885907,22.597313,50.369133,21.553694,8.815435,6.993287,10.031876,9.44463,12.843966,40.521812,67.82718,16.936241,4.7449665,5.008383,81.62416,31.427855,13.83893,12.956375,9.723154,3.7181187,3.221468,20.080536,84.954704,20.699663,4.370805,3.9647655,6.337247,5.337247,5.0587244,24.182886
94.91439,21.906906,2.5900888,1.85886,2.0765753,2.3948965,4.0105066,19.213215,97.31383,39.366367,14.899403,8.914417,8.924923,3.5375366,3.0780869,17.807808,11.076574,10.944444,17.603601,42.866367,68.88889,16.450449,4.3618546,4.0330315,4.358858,2.6816826,4.390395,25.629128,67.68918,22.162163,6.585586,3.357358,118.289795,20.584084,3.8408432,2.9084072,4.0750713,3.6066074,4.6171207,40.50751,118.14265,28.66967,6.695198,5.9249268,8.043541,6.255247,13.486488,55.168167,11.450462,6.69219,8.216211,32.465466,95.41894,59.57508,18.572075,7.34235,7.8258095,4.76877,4.947447,26.909912,102.26427,57.250748,10.148649,5.4459515,79.5045,10.891889,5.391899,4.045044,4.378378,5.834833,23.20721,73.2973,64.47447,4.7477436,1.8498573,1.6996994,3.4819756,28.983486,124.25076,111.144135,4.6081123,1.8228226,2.213213,4.0540504,37.337837,113.96997,124.3183,25.843843,9.4038925,5.165163,5.100603,8.632129,50.18318,84.009,41.94144,11.548049,11.636639,7.442942,9.588589,6.460962,5.7987995,7.681682,17.202703,16.786785,9.740244,10.318318,16.106611,9.575074,8.977478,19.82132,74.22973,29.316814,12.46246,11.939941,16.612614,8.744745,7.1321297,27.557058,69.68768,19.228228,10.088593,8.58108,11.2972975,5.954954,7.8498507,15.423424,18.629128,9.782282
9.060495,11.377775,5.785185,1.1333332,1.4333286,25.980253,38.71605,6.8444424,3.7926025,8.781475,7.0629673,2.567896,2.8111086,57.197533,106.76545,7.1037054,11.091349,4.2592525,4.1333275,4.037037,4.3271637,26.199999,106.016045,50.238274,20.334572,5.872837,3.9345741,5.6135798,4.986416,3.3222198,10.634567,25.00988,5.1641884,2.5098686,0.61234856,0.33950424,2.3333302,107.22098,129.18642,12.151849,2.8580399,0.7938156,0.54937744,0.6876602,2.5901299,115.20491,135.40991,15.575309,116.453094,4.097534,0.3617134,0.36419296,0.56172943,23.465433,112.82594,119.366684,116.59013,9.539504,3.2530804,5.024683,5.655548,2.117281,5.2839527,60.281494,2.1938171,2.0851765,2.6086369,2.5938358,5.9271545,42.98518,46.976543,5.487652,12.848148,5.9209805,4.681484,4.699993,6.7864227,21.275307,26.282715,9.565422,133.25308,18.28025,1.7654362,1.2160549,1.0950603,1.4740639,4.4333305,47.380253,132.37653,13.087647,1.1333323,2.1938286,4.58148,4.071604,3.804943,36.953087,2.290121,3.3061724,3.6765413,2.7172813,3.5753098,5.1975293,3.3691373,2.590128,12.47901,7.546917,5.6395016,4.129631,4.382719,4.3111124,2.8938236,5.577776,122.427185,28.40988,2.5703735,1.050621,1.1580286,1.2111015,1.8765373,20.406176,113.48765,18.750618,0.5555525,0.66419697,2.6827135,4.920986,4.7135773,21.239502
3.9613953,4.288603,4.919118,1.5275745,2.6930141,58.82536,97.07905,12.841913,3.5772057,4.117647,6.7959538,4.093748,7.244485,79.97977,130.42096,23.797794,23.227942,4.0422764,4.6213245,11.270226,21.966911,43.7353,106.14337,67.1103,22.066175,7.1470604,6.935668,13.911765,20.514706,13.485294,13.814338,20.485294,4.055153,1.7499924,1.2444878,1.9338236,8.98897,86.7206,112.55696,14.457723,10.8419075,2.443016,1.6930122,2.9393387,6.373163,69.30698,121.58826,30.310661,127.21693,12.468747,2.5919113,3.6856651,4.3161793,12.733455,63.64706,104.180145,86.9522,17.189339,11.29779,22.152575,31.354782,13.545954,6.856619,35.941177,8.937496,6.845586,6.261032,8.400734,17.229778,21.900734,15.091911,7.1636105,22.601097,13.145224,10.715067,12.1875,12.810659,14.165444,10.148897,8.917274,132.76105,31.847427,4.911762,3.9724293,3.799635,2.830883,3.023899,45.46691,103.95772,17.380514,6.181986,13.847425,31.983454,22.283081,8.358454,31.8989,7.281252,6.5349274,6.7904425,7.6397076,10.1966915,4.8897066,3.0625005,3.9154415,21.621323,16.998161,13.152578,9.783087,9.9595585,4.7849283,3.0238953,6.275732,116.18016,33.038605,8.941174,4.7775736,4.5790434,3.9025688,3.8051395,26.702206,70.69118,11.025736,2.4338226,5.751837,17.443016,17.639706,8.29963,23.825367
32.042484,19.834967,9.263071,6.8856206,14.251635,22.460785,16.986929,20.86438,49.975487,20.047384,6.4411755,5.1960783,13.692809,56.410133,69.521255,52.191177,42.209152,10.181369,5.341505,5.9869366,12.045752,59.609474,93.870895,69.1062,38.29575,12.983661,6.946083,8.679739,13.140524,18.669935,25.032679,37.246735,30.849682,25.228758,12.727124,12.8660145,39.80555,59.294125,25.254904,19.666666,18.73692,8.919933,4.12418,6.18301,50.467316,109.71404,81.5719,28.771242,104.12256,20.710783,2.2369232,1.1094742,6.3480377,54.292484,84.80882,90.6634,93.66176,18.754902,4.8529396,6.7075157,13.455884,26.52124,38.354576,72.67157,16.338234,15.094772,10.143793,15.21078,53.58824,70.9232,24.169933,11.983665,16.271236,32.43791,27.413395,21.482029,61.37581,71.35785,13.746731,5.31863,97.624176,67.03922,22.042484,8.093137,9.344774,13.482025,15.155228,36.911766,75.09151,23.129086,6.0424848,5.880718,11.602938,30.101305,40.07843,57.37908,9.220589,16.07353,15.908497,17.137255,28.78105,23.279411,7.5539217,4.482028,18.449348,44.348038,41.042484,28.815361,26.607845,16.79085,5.1437893,5.1813736,38.854576,45.941177,26.02124,16.35294,19.638887,19.40686,11.290844,15.264705,31.581701,19.69608,7.135621,6.7254906,10.8529415,17.892159,15.643789,21.841503
11.843412,25.590696,30.269766,23.452713,15.924031,10.384495,5.9534874,5.5503893,21.634106,74.2217,85.93953,30.285273,11.305426,8.443413,7.2511673,6.3348827,35.702328,75.319374,81.351944,35.618607,11.919378,5.0232573,4.483717,7.8682194,20.91938,27.79845,25.756592,23.579845,16.95504,7.872868,4.730233,6.984497,63.877518,59.84806,36.40931,19.094574,12.565891,9.68372,11.029456,23.613955,76.35194,105.55504,100.14264,29.58915,7.612402,3.8279,6.0248013,25.691471,16.006207,55.595345,88.079056,79.55659,61.01085,17.306978,5.367443,5.5581474,19.232548,20.27442,25.341084,48.582947,52.407757,22.776743,11.491473,10.551941,70.8093,24.548838,11.34574,12.750384,14.372094,16.618605,26.057365,51.088375,105.4372,24.334885,8.151943,6.503874,10.95504,15.187598,39.804653,104.04495,29.792238,10.310076,12.31628,42.658913,77.33798,45.90233,25.831005,34.5969,18.007748,14.699224,19.210852,44.457363,61.252712,26.874416,10.634107,10.937988,29.007753,11.998449,9.751938,11.686821,14.838759,12.689922,12.579844,22.227905,86.359695,17.20465,6.899231,7.0976753,9.891472,13.44341,26.936432,76.048065,48.15814,11.632561,6.891472,16.373642,33.41395,29.044962,25.813953,44.903873,14.480621,8.897675,9.831008,22.558136,35.496124,17.103876,8.889921,10.931783
12.92923,11.539972,8.954128,5.0458713,6.0301437,25.355177,39.47706,16.816515,8.889912,9.96199,10.133682,9.583224,13.593708,69.920044,89.02098,21.27523,19.224115,6.3289623,7.014412,9.418089,15.866317,43.77327,81.43774,48.41284,22.19528,10.331587,9.481001,10.93578,13.630407,12.196593,13.315858,19.44692,8.052422,4.243767,4.7024918,8.80472,22.992136,85.439064,87.4587,21.411535,6.3053665,2.5176811,4.941019,11.589778,22.967234,111.200516,116.61076,24.690693,109.86503,15.200524,3.0104752,2.492794,4.0170364,29.197905,86.3329,105.061615,90.46789,24.554392,11.600259,14.487549,17.500656,9.612057,8.955439,41.238537,10.226734,16.57798,38.22936,48.977722,34.386635,29.307995,16.854523,10.39188,11.914799,17.6789,61.133682,88.70381,38.204453,22.454784,11.745737,6.558323,121.397125,53.419395,23.625164,22.712975,6.937092,2.7706451,4.828312,41.90039,107.691986,26.231977,6.8872876,10.570116,14.941019,9.463951,7.390562,35.892532,12.883356,17.034077,28.129751,28.541285,14.129751,7.028834,6.6225424,10.269988,11.976408,14.826998,44.266056,69.686775,35.318478,11.728703,6.8532085,9.477066,73.37221,39.97117,29.121885,32.347313,15.740497,4.9855804,4.968542,21.119267,69.70642,18.02097,3.0747042,4.1441674,6.6539984,6.6920033,8.482304,28.532108
10.039568,3.607911,2.0647478,6.7841725,12.035972,12.91007,11.071942,15.410072,47.11511,4.798559,2.6474915,4.4172697,7.8129473,14.575537,28.197842,64.98202,120.11868,20.755394,10.773378,8.485615,3.377699,6.0323725,21.503597,84.633095,74.33093,17.697842,9.66547,11.395684,9.928058,4.478418,2.3633103,25.546764,11.233818,6.9892063,5.7625895,16.809353,23.208633,15.946041,7.697839,12.67266,41.32734,7.025177,5.0323715,13.424463,15.791367,20.201435,20.71223,44.17985,142.61871,30.014389,8.21583,6.46043,2.3021603,4.999996,11.284174,100.79137,116.03957,24.593525,10.316542,17.115108,17.201439,11.784171,6.3417273,36.593525,10.938854,10.086329,9.215827,19.41367,25.402878,14.0467615,4.3992796,9.093531,38.935257,29.604319,16.27338,24.741007,19.902878,13.021582,5.0683517,10.032368,143.0036,53.26259,10.712236,7.003599,2.7841778,5.35252,6.388485,64.35971,122.59352,18.363308,5.2086306,12.676258,16.208632,14.60791,12.316549,50.992805,9.161877,11.61151,11.345324,15.57554,15.568345,8.294964,2.10072,3.794963,38.28777,48.35972,26.043167,19.798561,13.089928,6.2913656,3.010788,6.485609,114.38849,66.942444,20.892086,8.5611515,6.053958,9.017981,7.1510754,26.902878,91.514404,22.701439,2.4928055,4.014388,8.172662,7.956835,8.237409,29.510788
41.163292,22.678186,15.437426,12.029797,6.625746,3.8700838,4.7008305,16.82956,38.374252,37.543503,67.71394,58.17163,10.828365,4.884392,5.912998,15.604291,42.163292,23.953514,43.269367,49.183556,11.983314,6.2061996,11.066746,29.64243,31.659117,13.855781,14.078666,19.139452,10.619787,5.764005,9.520858,24.613827,98.03696,43.927288,19.371872,15.414781,8.510129,3.9702091,4.6817627,27.630512,105.69486,70.6174,81.03815,63.70918,6.908226,1.637661,2.804535,29.989271,20.356396,27.234802,93.68293,111.475555,30.673422,6.0965424,5.395708,10.973778,29.28248,20.035757,31.972584,57.71633,30.340883,12.668652,15.112038,25.109655,88.20142,46.984497,28.32539,18.64839,8.249103,3.3563776,4.257451,29.932062,102.59355,38.011917,14.183554,11.323,9.595947,17.699646,42.711563,76.62456,12.3778305,6.2681885,17.643623,52.749706,53.352806,61.89273,75.35399,36.946365,10.331329,6.519665,13.046484,42.156136,57.856964,48.183548,37.99642,22.405247,36.662697,20.03814,15.132301,13.312277,9.574493,7.318236,11.042909,26.60548,24.163286,9.3301525,8.00477,14.432658,26.141834,42.21335,63.41954,48.820023,5.5613785,2.6424294,3.9010696,9.829559,25.98331,64.71513,91.40883,36.918953,8.029806,3.9880772,3.9106083,7.550656,18.618595,34.190704,41.377834,24.451727
15.924574,41.192204,39.6618,20.931873,9.878346,3.8491478,2.3114367,3.7664242,24.282238,76.3309,98.316315,39.211685,4.257908,2.523119,2.549879,6.3381977,60.296837,35.23844,67.90755,66.547455,12.656934,2.4428215,2.9975681,23.892944,74.520676,20.328468,12.04623,15.552312,7.145985,2.4890504,3.7664242,32.503654,60.42579,81.66424,59.992702,26.875912,8.029197,2.0754223,1.6666622,10.476888,62.379562,101.04137,97.52312,42.372265,6.681265,1.9805298,1.525547,10.968367,30.17762,23.437956,73.221405,117.60582,61.880775,4.953768,2.2116814,10.423359,83.973236,21.579077,16.712893,44.987835,25.311438,6.284669,7.5717764,44.19465,71.18248,42.457413,29.080294,18.59124,7.9172726,4.656931,5.0851583,28.927008,72.68613,35.316303,18.296837,14.238443,10.661802,8.861318,13.527983,47.082726,17.26276,6.9440384,13.7372265,80.56934,79.95378,21.50852,13.836983,19.520683,50.255478,12.406325,15.272506,55.86131,48.192215,10.177614,7.871048,30.700731,45.51339,10.9416065,8.880777,10.109489,8.581509,6.508516,8.357664,29.046227,38.41119,8.399027,6.805359,12.615571,16.588808,17.537714,25.14355,41.549877,14.608273,2.6982956,3.5547428,18.381994,42.518246,30.545013,31.912407,30.257906,18.581509,3.9781008,6.1678834,26.15815,32.688564,12.428225,11.248174,17.851582
80.52711,20.204819,3.840361,4.051205,12.391567,14.722891,14.009036,30.73193,48.478912,12.762049,4.6987953,4.915662,35.33735,82.19578,70.08736,47.424698,25.033133,3.4759045,2.9819336,4.4277115,12.283133,51.310238,101.53012,83.39758,12.816267,2.5361462,2.554224,6.7259035,16.52711,35.06626,60.36145,41.00904,103.81928,31.066261,6.2018075,8.132532,36.03313,32.33735,14.472892,33.385544,32.861443,8.403618,3.207838,12.668676,101.15061,107.975876,48.268074,25.960844,35.68977,6.5180664,2.1596336,2.0090408,13.593374,41.55121,88.16868,83.23795,41.813255,6.7620497,2.9849396,3.5692768,10.536146,31.76807,68.71989,66.27409,87.8735,23.701809,6.0210896,11.768072,48.05121,33.981922,13.951807,27.292168,19.942768,9.090363,8.990963,32.695786,106.834335,64.50601,10.888557,9.650604,39.74698,25.5,13.951809,11.936745,15.915664,10.852415,13.51506,22.786144,53.948795,22.762049,10.777109,8.20783,11.478912,12.560242,15.623495,29.337349,44.912655,13.26506,5.4457827,10.030121,28.045181,16.737951,7.942771,14.70783,17.006021,16.466867,17.590363,34.635544,62.701805,19.256023,4.55723,5.9096375,28.506023,27.70482,24.253012,22.789156,16.439758,6.5451736,3.5331306,6.834339,33.707832,20.620481,11.578314,9.243977,9.831326,6.442772,3.5933723,9.192773
29.627346,18.83244,21.979895,22.32708,13.399465,6.773459,7.544234,18.290886,18.277477,25.463806,77.076416,79.54021,23.556301,6.4946423,5.054964,8.229223,20.816353,35.813675,81.017426,54.78016,11.438337,5.5924892,6.51474,9.619305,24.768095,33.327084,36.86194,17.932976,6.686327,4.3337812,4.884718,9.327078,84.10725,20.069704,10.902145,11.743971,12.450402,12.112602,19.788204,55.467827,99.443695,48.83378,80.42763,56.48928,8.931636,4.1501236,7.151478,44.450405,13.171593,37.89544,109.57369,86.60991,24.595177,21.127348,9.991957,5.6152763,13.404816,29.343163,56.12332,43.014748,33.21716,32.577747,17.605898,8.620647,85.99195,21.22252,9.790886,11.674258,13.341824,10.591151,13.13807,41.193035,114.52815,24.490618,5.6005363,5.721184,12.166219,26.668901,24.683647,74.22789,15.340481,6.904831,10.572388,16.876675,53.46514,104.64075,58.410187,19.063002,11.772106,7.3096476,7.4504027,11.857906,37.694366,82.52547,53.667557,19.985256,48.2815,21.601877,9.495977,9.764075,9.459785,6.292225,5.6353884,18.0563,77.12332,22.380695,6.1193066,8.197048,21.313673,35.451744,24.052277,44.537533,11.53619,8.872656,8.471853,17.707773,55.237274,80.01207,32.046913,12.991957,13.701074,10.915548,8.608579,11.289544,20.382038,28.875338,17.247988,11.320375
21.542717,18.488441,8.162814,7.096483,8.395979,6.6271343,5.614065,9.34774,18.556786,57.870342,80.23117,23.245228,7.056283,5.036186,5.304531,5.9698467,6.8492374,19.931658,96.9789,55.705524,6.60402,3.8351755,6.119589,6.618099,11.796988,13.160805,36.960808,27.729649,4.9005013,3.1195989,5.3246236,8.588944,91.79498,34.90854,6.462316,8.213064,10.636179,6.6211166,5.6180954,20.137688,117.23418,108.736694,84.20605,18.340706,2.4000092,1.9818954,2.1447372,20.546734,7.0723877,27.579899,117.05824,103.38089,23.217087,15.3768835,6.8542633,3.2844353,7.5808983,13.212062,65.97688,88.94172,33.46633,14.964823,6.56583,5.011057,95.45125,16.465326,8.496484,9.552764,11.139697,6.017085,4.436187,33.88744,122.52765,21.675379,3.8472328,2.22513,4.847233,21.10553,34.772865,99.98392,11.376881,3.6914597,7.663313,16.763817,34.19397,104.25125,79.00903,22.903517,9.583893,5.359791,8.673368,22.808039,40.481403,72.14874,45.962814,17.224117,35.831158,10.513567,8.311558,8.386935,8.428141,4.201006,4.421105,21.270351,56.22613,7.8804045,3.7959843,4.606024,8.647236,26.23216,50.389946,77.79698,8.456276,4.7899513,4.3628197,5.122612,18.62613,79.76683,71.86834,21.27638,12.301514,6.434168,4.5236163,4.3989935,10.477387,31.903519,27.801003,16.648241
25.08425,14.296702,9.1373625,17.27106,28.223444,15.283882,8.225275,11.928572,69.21794,52.249084,20.562271,21.567768,23.018316,11.003666,7.5329704,17.168499,29.545788,33.862633,27.126373,46.673996,55.829674,15.005494,4.098898,6.386448,31.826004,22.928574,12.267401,17.695972,25.12088,13.093407,5.56044,9.75458,49.357143,18.648352,9.954212,18.45971,43.388275,35.976192,19.74176,26.166666,111.16118,60.736267,14.564102,14.807692,23.161173,14.941393,11.000002,38.47619,36.34249,27.864468,20.082422,48.778385,88.32051,42.313187,10.871799,11.701469,45.0348,25.37729,14.547617,21.778389,45.15751,28.199633,14.956043,23.545788,55.56044,11.880951,4.4725304,9.617213,35.994507,48.379112,31.188648,40.80037,111.07509,24.001831,3.7435875,3.8333302,16.809525,38.88279,48.22894,89.985344,26.252739,7.336994,4.439556,12.75824,70.57692,102.78021,65.52564,34.556778,39.005493,11.5238085,5.6373625,8.377288,33.65751,53.043953,41.214287,44.054947,22.053116,4.9798555,2.5366297,5.441393,19.978024,31.413921,24.542126,27.115383,43.54945,4.179487,1.7985401,2.2472515,11.419413,54.115387,81.96886,76.9359,20.721611,4.5714264,1.734436,2.23077,20.580585,89.51832,82.7271,41.144684,28.80403,6.3003645,2.1208782,2.439558,10.2326,29.545788,34.467033,36.362633
17.321709,13.327334,8.670416,6.5658035,11.005625,19.151855,16.1901,14.143984,14.304838,11.06974,8.1540985,5.457816,12.125984,61.611916,79.409454,26.420696,17.09336,6.184475,6.3172016,6.1316032,9.08099,36.43982,92.335205,55.51745,23.719908,7.673793,6.7075424,7.9943733,9.627671,9.586052,18.425198,30.415077,16.57143,10.515179,8.579303,15.619799,60.61642,62.90776,22.804276,13.455568,5.9347725,2.714283,2.8335228,14.375703,74.775055,112.71089,89.66931,18.379078,94.9314,12.950504,2.5084152,2.3408241,4.636673,33.443195,91.001144,102.21263,94.64903,16.535433,6.0854874,6.645664,8.548931,8.875138,16.465693,64.27222,15.670422,9.632165,13.125988,42.595055,74.11023,35.210342,12.195727,11.012373,7.1586075,19.653542,66.41957,93.42407,87.983154,33.949387,5.4274464,2.8773766,100.79866,78.43196,62.16761,26.776152,6.9977455,4.0247383,5.0157433,27.149605,101.907745,36.165348,9.227222,6.516309,8.881882,8.809896,10.664787,36.66479,16.326214,15.222723,19.47919,26.429697,16.944883,7.793026,6.538808,9.600677,11.980879,29.706413,82.82676,68.272224,19.47019,5.950507,5.604046,6.1642303,22.524181,57.357697,83.71542,41.521935,13.262091,6.4769363,4.7244034,5.645672,34.45782,29.584934,15.88414,9.735658,8.653543,8.0202465,7.3565826,12.286837
32.85816,12.005672,8.065248,10.619858,20.543262,18.27092,16.439716,25.051065,23.910635,8.260996,6.712057,8.397166,29.339008,59.174473,75.29646,50.354614,21.459576,5.432623,6.03121,8.100712,17.683687,49.53759,87.82268,64.54043,26.906382,6.492199,4.7390137,9.295034,17.083689,23.095036,28.676598,34.104965,45.578728,16.79858,12.156029,28.601418,56.82412,28.232622,16.09078,30.565956,10.947514,4.913471,6.3375893,35.706383,94.032646,78.904945,55.428375,27.631205,60.358868,23.026949,9.234039,6.0780144,12.014187,32.275177,71.46241,75.390076,78.780136,27.20993,12.839714,11.521986,14.578725,13.693615,22.632626,54.13617,60.195747,21.01844,15.7489395,42.73759,48.934753,12.675178,9.706385,30.890781,14.968777,23.51064,49.567375,100.126236,94.3461,19.258158,5.228365,7.1418495,65.88936,93.52767,72.180145,32.533333,11.307805,3.926239,5.1120605,15.727659,68.991486,63.321968,36.940426,22.191488,14.174465,7.8340397,7.100708,20.387236,48.42695,15.961701,9.123406,15.985815,15.851064,7.9035463,8.527659,25.103546,30.73475,31.19716,49.991493,67.5234,37.347523,10.968793,7.8794327,15.615604,38.92624,69.86951,66.45816,38.090775,15.275176,7.710634,6.4241123,11.347517,23.704967,29.666664,23.906384,21.463827,18.119148,9.192906,7.0070906,10.079433
4.1311913,1.8589087,3.7871284,15.594059,12.324257,4.5915813,4.574255,6.217822,10.440598,3.2302017,3.967825,8.57426,8.89604,5.8069305,7.9009953,14.301981,56.346535,11.284653,5.133665,4.8193073,3.5123777,3.3589115,5.720295,27.794556,84.77228,16.91089,9.621289,8.195546,3.1410885,1.1856441,1.3613873,30.061882,17.769814,9.658414,30.205446,48.851482,18.509901,5.4306946,4.7252464,11.393563,10.388626,7.4727745,32.915844,49.74257,12.9604,4.999998,5.938122,9.69059,77.33169,34.787125,13.512371,6.326729,1.8886166,1.8292046,4.6089115,23.44555,113.90841,52.967823,18.740097,12.428219,4.2153454,1.4554443,1.5594082,30.740099,78.00001,22.450497,38.918316,45.717823,9.561877,3.1658382,5.707923,48.36881,44.435646,27.267326,112.93564,118.35149,9.643564,0.86138725,1.8589134,18.866337,63.683167,91.403465,109.82922,65.67575,2.2821789,0.35643387,1.0940514,7.108917,103.81683,93.908394,41.386143,15.636137,3.8613853,2.0693092,1.5965347,14.527225,72.2896,9.319308,8.497524,12.133664,5.403466,1.2722769,4.4455447,53.928215,93.2896,22.405941,54.80446,58.450493,6.824259,2.3143559,7.064356,75.044556,26.504948,51.777225,104.44307,64.03465,6.8292074,3.514845,6.5395985,18.220299,26.482676,46.663372,38.391094,16.22772,5.868811,3.79208,3.363861,8.698017
13.074415,20.839424,22.85248,13.702349,9.553526,6.7506537,6.553524,7.2780695,10.53133,34.189297,88.02873,30.308098,9.955613,9.979113,10.714102,8.690599,16.924282,23.171017,78.08486,35.86684,6.4477806,8.06266,12.447777,12.526108,17.15535,14.903394,21.746738,15.272846,5.937338,5.8250666,8.198433,11.161879,87.35641,62.37468,26.493477,9.990862,6.682766,5.169714,6.18277,20.883812,71.0,101.35118,119.47391,36.860317,3.8942528,2.131855,2.3877335,13.086161,6.218033,24.357702,119.36419,111.63837,46.23368,11.046996,2.433422,2.7754593,13.429497,16.430809,42.07441,68.85378,43.97912,14.750652,6.860314,8.667107,109.642296,24.291122,7.0861683,5.4582195,5.310705,4.3629246,7.6631866,45.57572,113.38381,30.010445,10.06658,6.4699745,10.157963,14.486948,16.023499,67.06919,10.287205,4.238903,10.365536,37.587463,97.52481,84.07311,20.759789,12.074411,10.714092,7.779373,8.749348,28.372063,75.929504,52.561356,14.124022,9.202354,70.892944,13.695822,5.678853,4.6657953,3.5639696,2.4516978,4.514361,33.13316,82.78721,11.47389,3.5039215,4.881201,13.157963,21.429504,27.612268,62.433426,7.73629,3.2845974,4.2885113,14.113576,66.988266,81.52872,29.712793,11.70235,9.374681,6.3563957,6.370757,10.39295,33.408615,32.42428,10.647516,7.5796328
